mtllib coffee_bean.mtl
o Coffee_Bean001_Material_23_0
usemtl Material_23
v -0.00020899648455394187 0.00011797139327960388 -0.0012658157949863025
v -0.000159372411504302 0.0000825500164703058 -0.001297404112450412
v -0.0002849916247282383 0.00010119374435095805 -0.0012632926110438258
v -0.00030768197479564196 0.00013710465896799682 -0.0012419143312961123
v -0.000028655572969918076 0.00003072609440830757 -0.0013392494360932317
v -0.00025541131754671514 0.000043752403708157985 -0.0012900834696313868
v -0.0004542394816067329 0.00006167474730231586 -0.001213486729085278
v -0.0004495445296191575 0.00011438531935327734 -0.0011960552306834737
v -0.0004294108634755435 0.0001457039271444739 -0.0011780362688748602
v -0.0006214264246140475 0.00011880963465260261 -0.001087871603184798
v -0.00059605169227597 0.00014459996840501325 -0.0010710816892098296
v -0.0006411179811806044 0.00006748852617102354 -0.0011017842816105072
v -0.0008030301753569025 0.0000655843866387906 -0.0009532726263784819
v -0.0007779790840106156 0.00011678586173159411 -0.0009405754059267635
v -0.0007432162057472193 0.00014606504835261745 -0.000911625905421487
v -0.0007432162057472193 0.00014606504835261745 -0.000911625905421487
v -0.0007779790840106156 0.00011678586173159411 -0.0009405754059267635
v -0.0008992386532967427 0.00011247522339071711 -0.000754378593036259
v -0.0008742338306255784 0.00013842012146229684 -0.0007317793716869747
v -0.0008030301753569025 0.0000655843866387906 -0.0009532726263784819
v -0.000928679834807474 0.0000617012483694496 -0.0007651050454195174
v -0.0010171328357363838 0.0000572571456066643 -0.0005409703511646824
v -0.000984412651555 0.00010749362850823468 -0.0005330984845645925
v -0.0009560503532615934 0.0001363703017781625 -0.000495380663559225
v -0.0010325922469336258 0.00010362699661785129 -0.0002855546610087967
v -0.0010112441679129152 0.00012891163953112535 -0.0002618863707000429
v -0.0010672889585942563 0.00005382104248120361 -0.0002898569244730309
v -0.0010791614686661867 0.000052514968936402276 -0.000026721717196337414
v -0.0010439507671637794 0.00010215545545768861 -0.00002627122526972778
v -0.0010199590606639536 0.00012763262231391207 -0.00002586615208459428
v -0.0010168349262012245 0.00010362709757429739 0.00022884489192728788
v -0.0009972492921370424 0.00012891174048757146 0.00020674336938551754
v -0.0010509136833459247 0.00005382124439409595 0.0002320259919700446
v -0.0009832283652591145 0.000057257347519556525 0.000471938394074195
v -0.0009518815376419067 0.00010749352755178822 0.00046573962993241846
v -0.0009273987758594753 0.00013637050369105474 0.0004319588151107529
v -0.0008505202156446245 0.0001124752233907168 0.0006746870599771276
v -0.0008290672130134889 0.00013842042433163522 0.0006557239605504278
v -0.0008777747028098354 0.00006170124836944927 0.0006831279125432688
v -0.0007399344061791068 0.00006558428568234398 0.0008619641475008516
v -0.000717657357644923 0.00011678576077514748 0.0008519529508888707
v -0.0006887723591719356 0.00014606484643972463 0.000828813234595091
v -0.0006887723591719356 0.00014606484643972463 0.000828813234595091
v -0.000717657357644923 0.00011678576077514748 0.0008519529508888707
v -0.0005581952056878356 0.00011880963465260215 0.0009971104141814902
v -0.0005368904386220757 0.00014459976649212035 0.0009842848053188274
v -0.0007399344061791068 0.00006558428568234398 0.0008619641475008516
v -0.000575053545083173 0.00006748913190970041 0.0010083059551414114
v -0.0003898827112312938 0.00006160135196591042 0.0011262702284751264
v -0.0003830959196777673 0.00011424428319790175 0.0011116124919543363
v -0.0003557665555719866 0.00014532907585964328 0.001098255209635024
v -0.00020202118211161687 0.00010019619370581708 0.001194022473781503
v -0.0002031403406523643 0.00013540303806688895 0.0011761468015457355
v -0.0001890029030173917 0.000043247318607698216 0.0012170392852919182
v 0.000039853711108584194 0.000029971444972781777 0.001282942356010952
v -0.000055913416412080834 0.00008125464430880372 0.0012422354811374159
v -0.00007632669239033077 0.00011569957037022224 0.0012135499100117408
v 0.00019324507726188427 0.00010477194367447856 0.0012467911835632728
v 0.00015280769360909304 0.00007376286834740509 0.0012695727951342328
v 0.00028480367321893175 0.00008242604195434203 0.0012596413495407494
v 0.000301598323263539 0.00011453311959054889 0.0012414403551383457
v 0.0002605315577709101 0.000029943379080731477 0.001280394853372252
v 0.00046591317222494116 0.000037121735754827356 0.0012348256697655713
v 0.0004619601172664482 0.00008488281707320572 0.0012171323877514795
v 0.0004418002401980669 0.00011400915563464577 0.001195695933867702
v 0.00065192299540344 0.00008170884736036601 0.0011246817646164142
v 0.0006280135176889358 0.00010493438259645317 0.0011051180887604317
v 0.0006696267170338768 0.000036123579371009616 0.0011402595584776576
v 0.0008580193370255143 0.00003258788271134893 0.000994004952436546
v 0.0008341248826459377 0.00007744656715723042 0.0009799271691369668
v 0.0008002555731653073 0.00010292878183576508 0.000947842702586181
v 0.0008002555731653073 0.00010292878183576508 0.000947842702586181
v 0.0008341248826459377 0.00007744656715723042 0.0009799271691369668
v 0.0009836748300050735 0.00007548306523461778 0.0007847646847581463
v 0.0009583510811121224 0.00009767934950145019 0.0007604145172807747
v 0.0008580193370255143 0.00003258788271134893 0.000994004952436546
v 0.0010131451791607438 0.000031041431868088095 0.0007963648220660202
v 0.0011231607411898623 0.00003086874586682181 0.0005558498169745685
v 0.001089455409811739 0.00007513022245506458 0.0005475698969569648
v 0.0010593462492762234 0.00009975945611945176 0.000507203126202671
v 0.0011434486362505518 0.00007544985056381016 0.0002791684998549454
v 0.001120281694855978 0.00009737425912096104 0.00025366164458612284
v 0.0011794285644657928 0.00003123577302706962 0.00028348566448108126
v 0.0011825780308283732 0.00003145015404062657 -0.0000060813429859918265
v 0.0011464136672034895 0.00007565983997195637 -0.000006072640707441273
v 0.0011210450081284677 0.00009753346743665651 -0.000006064772893957216
v 0.001103862468361848 0.00007544985056381029 -0.00029255725342819394
v 0.0010846001556440324 0.00009737436007740736 -0.00026682139710326735
v 0.0011383961608562429 0.000031235773027069746 -0.0002969296119580134
v 0.0010569271727074617 0.00003086884682326829 -0.0005729322705599893
v 0.0010252821159096707 0.00007513002054217237 -0.0005644893914358295
v 0.0010001637392016336 0.00009975975898879066 -0.0005234129677471333
v 0.0009164404517001581 0.00007548306523461813 -0.0008069775487816455
v 0.0008933002006984875 0.00009767955141434296 -0.0007819860352960284
v 0.0009443371864335223 0.00003104153282453468 -0.0008188922794195863
v 0.0008040302659772134 0.00003258783223312628 -0.001023168850859263
v 0.0007805382451864411 0.00007744646620078465 -0.0010086126806579943
v 0.0007478182208277693 0.00010292857992287306 -0.0009754796491465156
v 0.0007478182208277693 0.00010292857992287306 -0.0009754796491465156
v 0.0007805382451864411 0.00007744646620078465 -0.0010086126806579943
v 0.0006172211694160259 0.00008170884736036651 -0.0011606498315866465
v 0.0005929845346100672 0.00010493458450934613 -0.0011403945033998386
v 0.0008040302659772134 0.00003258783223312628 -0.001023168850859263
v 0.0006356289100928022 0.00003612357937101013 -0.001176869925130497
v 0.00044087854261798973 0.000037276300073997016 -0.0012786262642684731
v 0.00043297818631863564 0.00008515953869230654 -0.0012603335979180508
v 0.0003999856642360118 0.00011480590390824697 -0.0012377896896817453
v 0.0002365054094766493 0.00008358461813121046 -0.0013084493304890699
v 0.0002348149646518745 0.00011659384257087593 -0.0012898436205294184
v 0.00022309596429481555 0.00003057864751859726 -0.0013301418459389647
v 0.00007526187357166175 0.0000749681873588753 -0.001322181049204646
v 0.00009377301954309906 0.00010707435638706612 -0.0012978673597716095
v -0.000006229090200018724 -0.00013263839626526482 -0.0013684509450485882
v -0.000003971434570372425 -0.00024638198596811835 -0.0013432920617124922
v -0.0002486665593664434 -0.00024488308561102906 -0.0013033323907013505
v -0.00025272781430095724 -0.00012823583708010083 -0.0013269010220393063
v -0.0000036296537007703713 -0.00036985699467451767 -0.0012794712197529423
v -0.00023494290273282678 -0.0003692591305999785 -0.0012424374216835066
v -0.00045550839402862 -0.0003688673438712943 -0.0011696749289086261
v -0.00048155454157979 -0.00024394797652787825 -0.0012276971923304292
v -0.000486261879827545 -0.00012415028113608052 -0.0012495961782796328
v -0.0006909540990133841 -0.00024374328733315888 -0.0011159618430901797
v -0.0006960702637584232 -0.00012306192016756155 -0.0011365643087446475
v -0.0006547154577831008 -0.00036874147642196445 -0.0010611846951026627
v -0.0008247523194350384 -0.00036887224025893624 -0.0009163365799311208
v -0.000868510579309025 -0.0002442405987872589 -0.0009662592869989773
v -0.0008733595204796079 -0.0001241734001622659 -0.0009852157107051451
v -0.0008733595204796079 -0.0001241734001622659 -0.0009852157107051451
v -0.000868510579309025 -0.0002442405987872589 -0.0009662592869989773
v -0.0010081034917994946 -0.0002452155351884451 -0.0007761087786234412
v -0.0010118177716262665 -0.00012624916565307984 -0.0007922389883587011
v -0.0008247523194350384 -0.00036887224025893624 -0.0009163365799311208
v -0.0009594787901679616 -0.00036918121746260516 -0.0007339933267176691
v -0.0010563364679639269 -0.00036954599834192447 -0.0005181849248962757
v -0.0011077286596763714 -0.0002463211092310454 -0.0005490618012865546
v -0.0011099865550400856 -0.0001285746973918522 -0.0005609562663443091
v -0.001165059224075715 -0.00024717287876783827 -0.00029428411927864834
v -0.0011660886421636769 -0.00013035804253617805 -0.0003008051061453854
v -0.0011125138315848681 -0.0003698312760198423 -0.0002774198187034672
v -0.001127048988038641 -0.0003699403594599875 -0.000025435806528875752
v -0.001179282246772961 -0.0002474961413086479 -0.000027190567354409888
v -0.0011795820741806642 -0.00013103384498720227 -0.000027891160382376187
v -0.0011480301940239666 -0.0002471730302025077 0.00023528195545019498
v -0.0011480643161729774 -0.0001303582444490706 0.0002400387639570761
v -0.0010978793453155899 -0.0003698314022154002 0.00022277690038235978
v -0.0010262832453776095 -0.0003695460235810362 0.0004538842655234936
v -0.0010723640489023125 -0.0002463211092310456 0.00047826912290577223
v -0.001072385145500296 -0.00012857469739185244 0.0004874955647273665
v -0.000954864149093164 -0.00024521548471022233 0.000691718372774902
v -0.0009549835366590245 -0.0001262493675659726 0.0007041772938454899
v -0.0009146834407158372 -0.0003691813184190517 0.0006584651782938488
v -0.0007693924489859535 -0.00036887234121538284 0.0008326076664617181
v -0.0008024471421035435 -0.00024424044735259 0.000872112315593032
v -0.0008027135665644397 -0.00012417365255338187 0.0008867551509519206
v -0.0008027135665644397 -0.00012417365255338187 0.0008867551509519206
v -0.0008024471421035435 -0.00024424044735259 0.000872112315593032
v -0.000621856987000163 -0.0002437434387678287 0.001019618678838527
v -0.0006222876292976344 -0.00012306207160223134 0.001035873700705875
v -0.0007693924489859535 -0.00036887234121538284 0.0008326076664617181
v -0.0005965492203784115 -0.000368741526900188 0.0009753864870823066
v -0.0004030395566168189 -0.0003688673943495179 0.0010881429235407025
v -0.0004202945759833288 -0.0002439481279625481 0.0011367810312433446
v -0.0004206139017618955 -0.00012415497561083045 0.0011549940657845648
v -0.00020300369223360827 -0.0002448831360892527 0.0012231073960461414
v -0.0002025493162634055 -0.00012826708310020776 0.0012443045968744265
v -0.00019413600896990232 -0.0003692592315564253 0.0011697350103934134
v 0.000024827739106273473 -0.0003698571713482991 0.0012173770052252564
v 0.000024856746928500628 -0.00024638203644634205 0.001275535644080783
v 0.00002627245651135543 -0.00013269679956940606 0.001299514236184976
v 0.0002582536046568404 -0.00024814180826047445 0.001286385001247406
v 0.000260088529213259 -0.00013459735514779802 0.0013112279799511878
v 0.00024861245937843297 -0.00037055202932854807 0.0012244657859650926
v 0.0004710535501108476 -0.0003712209919803406 0.0011853712168093111
v 0.0004911926502266695 -0.00024982066348295823 0.00124868756503152
v 0.0004934543014241156 -0.00013564154767109393 0.0012729750284196095
v 0.0007152978150363797 -0.0002511374384110593 0.0011561708999469067
v 0.0007187124272781604 -0.00013746461917700888 0.0011793590152145428
v 0.0006838357552438233 -0.00037176126040230884 0.00109489922955619
v 0.0008766744832604593 -0.00037211988293840844 0.0009530626988096118
v 0.0009196271567546334 -0.0002519538227134505 0.0010084033491356004
v 0.0009245958850478568 -0.00013900324589568734 0.0010294204247188188
v 0.0009245958850478568 -0.00013900324589568734 0.0010294204247188188
v 0.0009196271567546334 -0.0002519538227134505 0.0010084033491356004
v 0.0010893804529598134 -0.0002522896543318149 0.0008082397367993598
v 0.0010956582890869907 -0.00013957203451371393 0.000825593868368571
v 0.0008766744832604593 -0.00037211988293840844 0.0009530626988096118
v 0.0010362432369664476 -0.00037229925730423703 0.0007626574401702056
v 0.0011508843879261355 -0.00037234986172290685 0.0005318061365951892
v 0.001211100631301911 -0.00025229889184664436 0.0005643315583289675
v 0.001217939764793616 -0.00013949550952747602 0.0005767369544260048
v 0.001274537302324393 -0.0002521881931033596 0.00028790999826361347
v 0.0012809415582167585 -0.0001392072788735061 0.00029438413587733187
v 0.0012116122238030082 -0.0003723406494471888 0.00027095450257759435
v 0.0012180927151289956 -0.0003723298975856659 -0.000006057024289768481
v 0.0012795742749156383 -0.000252128477365418 -0.000006089926055247219
v 0.0012848268483453655 -0.0001390634664158598 -0.00000610446958926317
v 0.0012319830668512234 -0.0002521881426251364 -0.0003014133119695617
v 0.001236083478350176 -0.00013920737982995218 -0.0003079774526011659
v 0.0011746733593157952 -0.0003723405989689656 -0.00028424025931977914
v 0.0010905247835777 -0.00037234996267935286 -0.0005484252236501176
v 0.0011427131321299492 -0.0002522989928030904 -0.0005815856732994952
v 0.001146328162052572 -0.00013949550952747575 -0.0005942514224972772
v 0.0010189656026861904 -0.00025228980576648397 -0.0008310959733891233
v 0.0010229109861545076 -0.00013957208499193666 -0.0008489487574402099
v 0.0009720119274199249 -0.0003722993330215714 -0.0007842936888327602
v 0.0008240303203335994 -0.0003721198324601849 -0.0009808650482670545
v 0.0008652973436843584 -0.00025195377223522695 -0.0010380685822493352
v 0.0008699115852023762 -0.00013900329637391 -0.0010598402526712514
v 0.0008699115852023762 -0.00013900329637391 -0.0010598402526712514
v 0.0008652973436843584 -0.00025195377223522695 -0.0010380685822493352
v 0.0006821384380424327 -0.0002511374384110588 -0.0011934512228388428
v 0.000687007436963371 -0.00013746456869878523 -0.0012176445108837142
v 0.0008240303203335994 -0.0003721198324601849 -0.0009808650482670545
v 0.0006480832547477518 -0.00037176115944586213 -0.0011296778261787876
v 0.0004475073494207088 -0.00037122104245856317 -0.0012280381309147381
v 0.00047207945209914575 -0.00024982071396118086 -0.0012945724148519244
v 0.0004759332571534896 -0.00013563185585225586 -0.0013199492127796697
v 0.00024017845504372643 -0.0002481418082604739 -0.0013423443478155495
v 0.00024121842143068017 -0.00013455601348306864 -0.0013681038075809282
v 0.00022735028506541975 -0.000370552004089436 -0.00127621704441222
v -0.000002717625394768913 -0.0004883063410096578 -0.0011700947840463662
v -0.00021022871766342602 -0.0004881264871007095 -0.0011376498285868564
v -0.0000010768854334246608 -0.000598010764255531 -0.001014347839850688
v -0.00017669999038205775 -0.0005979759847598068 -0.0009880722038370373
v -0.0003446618338084818 -0.0005979493827362268 -0.0009294145548717493
v -0.00040842989722428605 -0.0004879999886735908 -0.0010702736886068764
v -0.0005882697646062044 -0.0004879421911081275 -0.00096849469970281
v -0.0004977050261837 -0.0005979336335306158 -0.0008391123216550113
v -0.0006300894548950434 -0.0005979283837954122 -0.0007193353517782887
v -0.000742846535814374 -0.000487950974318949 -0.0008331883349387005
v -0.0005882697646062044 -0.0004879421911081275 -0.00096849469970281
v -0.0004977050261837 -0.0005979336335306158 -0.0008391123216550113
v -0.000742846535814374 -0.000487950974318949 -0.0008331883349387005
v -0.000742846535814374 -0.000487950974318949 -0.0008331883349387005
v -0.0008663176518777368 -0.00048800806518928876 -0.0006648543196800806
v -0.0007366159272985914 -0.0005979311600976834 -0.0005720021996387382
v -0.0008663176518777368 -0.00048800806518928876 -0.0006648543196800806
v -0.0008143176543915741 -0.0005979380251360266 -0.00040181304932801487
v -0.0009557505258538902 -0.000488083378698172 -0.00046802046137772735
v -0.0007366159272985914 -0.0005979311600976834 -0.0005720021996387382
v -0.0010080683308028556 -0.00048814491165214563 -0.00025020314451340575
v -0.0008601783820418595 -0.0005979443349139157 -0.00021506596633080757
v -0.0008732671429520745 -0.0005979469093032945 -0.00002056717970308499
v -0.001022282643162298 -0.0004881686364170083 -0.00002278018105941759
v -0.0009967675065717324 -0.0004881447602174764 0.00020199681287802463
v -0.000852360574173251 -0.0005979444358703619 0.000172392734132734
v -0.0007987840055446101 -0.0005979380251360268 0.0003552609850823034
v -0.0009329160956116227 -0.0004880834291763953 0.0004130013185209279
v -0.0008327696659595731 -0.00048800791375461965 0.0006018145370227656
v -0.0007141073755660823 -0.0005979311096194605 0.0005210117349136594
v -0.0006024266207006844 -0.0005979282828389662 0.0006649643498595619
v -0.0007015852660812468 -0.00048795117623184176 0.0007641221647804868
v -0.0008327696659595731 -0.00048800791375461965 0.0006018145370227656
v -0.0007141073755660823 -0.0005979311096194605 0.0005210117349136594
v -0.0007015852660812468 -0.00048795117623184176 0.0007641221647804868
v -0.0007015852660812468 -0.00048795117623184176 0.0007641221647804868
v -0.0005444661150820112 -0.00048794209015168164 0.0008976699540216153
v -0.0004677166117070967 -0.00059793353257417 0.0007836335077558708
v -0.0005444661150820112 -0.00048794209015168164 0.0008976699540216153
v -0.00031520387091299104 -0.0005979493827362272 0.000875670355427252
v -0.00036759423537320243 -0.0004879999886735912 0.0010022800444776936
v -0.0004677166117070967 -0.00059793353257417 0.0007836335077558708
v -0.0001760764420712079 -0.0004881264366224869 0.0010760281597053944
v -0.00014955985636727956 -0.0005979759342815841 0.0009386725275519272
v 0.000023952549935386943 -0.0005980108147337546 0.0009706711634101596
v 0.000024643063962562847 -0.0004883063410096582 0.0011165137821270152
v 0.00022911296975601644 -0.0004885121912035092 0.0011185995871653557
v 0.0001999622660243368 -0.0005980499353566664 0.0009680297238468318
v 0.00037248417106941213 -0.0005980884502409009 0.0009286879742174263
v 0.0004310660673923233 -0.0004887126907057103 0.0010784516846770729
v 0.0006225399094485191 -0.0004888811870144583 0.0009923959249744094
v 0.0005344224563034435 -0.000598122270650386 0.0008505655931111826
v 0.0006784009839224214 -0.0005981487212392966 0.0007349669090316728
v 0.0007944680731185317 -0.0004890030414450508 0.0008610866478787892
v 0.0006225399094485191 -0.0004888811870144583 0.0009923959249744094
v 0.0005344224563034435 -0.000598122270650386 0.0008505655931111826
v 0.0007944680731185317 -0.0004890030414450508 0.0008610866478787892
v 0.0007944680731185317 -0.0004890030414450508 0.0008610866478787892
v 0.0009358414905319856 -0.0004890766386943481 0.0006872486202508936
v 0.0007960701359835731 -0.0005981670448342863 0.0005845191756360945
v 0.0009358414905319856 -0.0004890766386943481 0.0006872486202508936
v 0.0008810531461009959 -0.000598178200521594 0.00040543868083262036
v 0.00103760908186316 -0.0004891120744069728 0.00047817292100453535
v 0.0007960701359835731 -0.0005981670448342863 0.0005845191756360945
v 0.0010926635311096218 -0.0004891244415716351 0.00024305070600992562
v 0.000928162968156881 -0.0005981838540825824 0.0002053021290063932
v 0.0009367879606324219 -0.0005981855198639452 -0.000006032109547069031
v 0.0011005069905235055 -0.0004891269654827907 -0.000006022692012747186
v 0.001063753360559495 -0.0004891244920498581 -0.0002560494067692377
v 0.0009080069268335876 -0.0005981838036043593 -0.00021807504736057206
v 0.0008461999680053222 -0.0005981782005215938 -0.0004202547272974534
v 0.000989154990976682 -0.0004891121248851956 -0.0004938986536011382
v 0.000881738146244608 -0.0004890765377379016 -0.0007071302272972092
v 0.0007549117920769709 -0.0005981670448342861 -0.00060249999047024
v 0.000638555263949437 -0.0005981486707610732 -0.0007569854619039752
v 0.0007463895656052428 -0.0004890030919232735 -0.0008861670914986354
v 0.000881738146244608 -0.0004890765377379016 -0.0007071302272972092
v 0.0007549117920769709 -0.0005981670448342861 -0.00060249999047024
v 0.0007463895656052428 -0.0004890030919232735 -0.0008861670914986354
v 0.0007463895656052428 -0.0004890030919232735 -0.0008861670914986354
v 0.0005856146298918257 -0.0004888811870144579 -0.0010234482774472422
v 0.0005001612615330005 -0.0005981222201721624 -0.0008772859990052729
v 0.0005856146298918257 -0.0004888811870144579 -0.0010234482774472422
v 0.0003440523498962875 -0.0005980883997626774 -0.0009606752851926138
v 0.00040343671605612733 -0.0004887126907057098 -0.0011162438922826536
v 0.0005001612615330005 -0.0005981222201721624 -0.0008772859990052729
v 0.00020478539582693243 -0.0004885121407252857 -0.0011639469222736456
v 0.00017485491708342743 -0.0005980498848784428 -0.0010057185173888152
v -0.0000010768854334246608 -0.000598010764255531 -0.001014347839850688
v 0.0000014051612838631075 -0.0006930909395707186 -0.0008125725178431687
v -0.00013607761194013191 -0.0006930880118337781 -0.0007940519233202993
v -0.00017669999038205775 -0.0005979759847598068 -0.0009880722038370373
v 0.00000400355893548349 -0.0007421212453310265 -0.0006198082264607942
v -0.00007702495781903845 -0.0007596300713214504 -0.0004915278191379437
v -0.00019788984491789309 -0.0007421208919834647 -0.0005727649007095106
v -0.0002676618083325146 -0.0006930855888790687 -0.0007480869648535117
v -0.0003446618338084818 -0.0005979493827362268 -0.0009294145548717493
v -0.00038793519157427446 -0.000693083872619483 -0.0006748659931292423
v -0.00022871868712552392 -0.0007596300208432274 -0.00041973521318891554
v -0.00036708831657838114 -0.0007421206395923492 -0.0004425864429882799
v -0.0004924888923323078 -0.0006930828630550207 -0.0005773830688060589
v -0.0005771135000180811 -0.0006930824087510128 -0.0004584837177606939
v -0.00034341537647763007 -0.0007596299703650042 -0.0002859048979181324
v -0.00047817788723210824 -0.000742120538635903 -0.00024824906574627564
v -0.0006392053827861561 -0.0006930823077945666 -0.00032246638875993455
v -0.0008143176543915741 -0.0005979380251360266 -0.00040181304932801487
v -0.0006761571529573627 -0.0006930824087510129 -0.0001742456042082287
v -0.0008601783820418595 -0.0005979443349139157 -0.00021506596633080757
v -0.00040406513895969304 -0.0007596299703650043 -0.0001119799667140266
v -0.0005149594861707179 -0.0007421205386359031 -0.000019266367873721657
v -0.0006871625449053624 -0.0006930824087510129 -0.000020174385075358445
v -0.0008732671429520745 -0.0005979469093032945 -0.00002056717970308499
v -0.0006713113283296638 -0.0006930824087510129 0.00013321555293536997
v -0.000852360574173251 -0.0005979444358703619 0.000172392734132734
v -0.00040174675069948855 -0.0007596299703650043 0.00007583129766154645
v -0.0004721327529735962 -0.0007421205386359031 0.00020985401673480325
v -0.0006296814674669973 -0.0006930823077945668 0.0002801251544490289
v -0.0007987840055446101 -0.0005979380251360268 0.0003552609850823034
v -0.0005633834504759846 -0.0006930823582727898 0.00041538097447196815
v -0.0003367545252211559 -0.0007596299703650044 0.00025154103043358006
v -0.00035600628963997966 -0.0007421206395923494 0.0004057350351405196
v -0.00047542949596528027 -0.0006930828630550209 0.0005339423671654047
v -0.0003687571054256806 -0.0006930839230977063 0.0006313312353546651
v -0.0002186030282152023 -0.0007596300208432276 0.00038766648226509754
v -0.0001835707687707378 -0.0007421208919834649 0.0005385468261930035
v -0.00024748658828378176 -0.0006930856393572921 0.0007059084512305718
v -0.00031520387091299104 -0.0005979493827362272 0.000875670355427252
v -0.00011554502830737746 -0.0006930880118337785 0.0007554946304580422
v -0.00014955985636727956 -0.0005979759342815841 0.0009386725275519272
v -0.00006448015350909952 -0.0007596300713214507 0.00046334721858679024
v 0.00002054217299547419 -0.0007421212453310268 0.0005917282385548004
v 0.000022453972276362553 -0.000693090939570719 0.0007785727155461968
v 0.000023952549935386943 -0.0005980108147337546 0.0009706711634101596
v 0.00016175504849472866 -0.0006930941196987751 0.0007728125224015086
v 0.0001999622660243368 -0.0005980499353566664 0.0009680297238468318
v 0.0001031250455355069 -0.0007596301217996738 0.00046952178324163857
v 0.00022670380219539857 -0.0007421216491568116 0.0005561790730479463
v 0.0002972444329433617 -0.0006930972998268312 0.0007375252597162373
v 0.00037248417106941213 -0.0005980884502409009 0.0009286879742174263
v 0.0004232446635126949 -0.0006931001770855484 0.000671952279535648
v 0.0002587511327592819 -0.0007596301722778969 0.00040274466997010356
v 0.0004026280131334309 -0.0007421220529825965 0.0004318996873003271
v 0.00053433647168439 -0.0006931025495620347 0.0005778161561755673
v 0.0006247537736550787 -0.0006931043667780667 0.00045752372530634395
v 0.0003772719800526568 -0.00075963022275612 0.00027012444825502674
v 0.0005181946974182837 -0.0007421222548954888 0.00023391522088057876
v 0.0006903862489176647 -0.0006931056792118676 0.00031600917886613606
v 0.0008810531461009959 -0.000598178200521594 0.00040543868083262036
v 0.0007277006967780667 -0.000693106335428768 0.0001590025500479429
v 0.000928162968156881 -0.0005981838540825824 0.0002053021290063932
v 0.0004388590228292165 -0.0007596302227561199 0.00009086859657829444
v 0.0005535736922364222 -0.000742122305373712 -0.00000674796136482264
v 0.0007360487164937198 -0.0006931065878198836 -0.0000061707499574016765
v 0.0009367879606324219 -0.0005981855198639452 -0.000006032109547069031
v 0.0007154996711216298 -0.000693106335428768 -0.0001718168340275607
v 0.0009080069268335876 -0.0005981838036043593 -0.00021807504736057206
v 0.00043398554887234234 -0.0007596302227561199 -0.00010582685973231659
v 0.0005050997833336568 -0.0007421222548954887 -0.00024860168684151545
v 0.0006685490324868921 -0.0006931056287336443 -0.00033019806522885403
v 0.0008461999680053222 -0.0005981782005215938 -0.0004202547272974534
v 0.0005974033129513146 -0.0006931043667780665 -0.00047387673721435724
v 0.00036499232162191814 -0.0007596302227561198 -0.0002867429392634792
v 0.00038338791577258283 -0.0007421220025043732 -0.00044982840767246473
v 0.0005055749362564189 -0.0006931025495620345 -0.0005969744012185308
v 0.000395958131893729 -0.0006931001770855481 -0.0006943993898242408
v 0.00024376727404158197 -0.0007596301722778967 -0.00042224886038777515
v 0.0002078405667894355 -0.0007421216491568114 -0.0005785961425941457
v 0.0002725556596851682 -0.0006930972998268307 -0.0007636022930440635
v 0.0003440523498962875 -0.0005980883997626774 -0.0009606752851926138
v 0.00013937155803435606 -0.0006930941196987747 -0.0008026686095968795
v 0.00017485491708342743 -0.0005980498848784428 -0.0010057185173888152
v 0.00008877552316171649 -0.0007596301217996736 -0.0004923861260634768
v -0.0004294108634755435 0.0001457039271444739 -0.0011780362688748602
v -0.0003286340930473842 0.0001496243688206947 -0.001187228259210138
v -0.00029441069634832817 0.00014867558013908051 -0.0012309668648795291
v -0.00030768197479564196 0.00013710465896799682 -0.0012419143312961123
v -0.00024814282033923466 0.00012659085274532576 -0.0011940303415949871
v -0.00022516055408837148 0.0001286794397048101 -0.0012420862310998093
v -0.00029441069634832817 0.00014867558013908051 -0.0012309668648795291
v -0.00022516055408837148 0.0001286794397048101 -0.0012420862310998093
v 0.0003999856642360118 0.00011480590390824697 -0.0012377896896817453
v 0.0002348149646518745 0.00011659384257087593 -0.0012898436205294184
v 0.00018398207252005782 0.00012996431239590433 -0.001272475303054077
v 0.00021236578705687183 0.0001286634885863067 -0.0012276123153122376
v 0.0000740819024890001 0.00011768205210472559 -0.0012707024224156704
v 0.00018398207252005782 0.00012996431239590433 -0.001272475303054077
v 0.00005617089080110534 0.00011572501139467125 -0.0012173536402033946
v 0.0000740819024890001 0.00011768205210472559 -0.0012707024224156704
v -0.00059605169227597 0.00014459996840501325 -0.0010710816892098296
v -0.0005468307720173384 0.0001531601664368016 -0.001038802434670666
v -0.00043974683799435064 0.00015201925763802293 -0.0010746391329975735
v -0.0007432162057472193 0.00014606504835261745 -0.000911625905421487
v -0.0005864456280828455 0.00015325970949277854 -0.0009242814026198809
v -0.0004511702462455742 0.0001522629664992079 -0.0009367042032740192
v 0.0007478182208277693 0.00010292857992287306 -0.0009754796491465156
v 0.0005929845346100672 0.00010493458450934613 -0.0011403945033998386
v 0.0005453418636323896 0.00011420713122569176 -0.0011008136795288836
v 0.0005896969814243229 0.00011256073350066897 -0.0009798202980038084
v 0.0004008645293292742 0.000120162148162667 -0.0011263194619140493
v 0.00040647814226539884 0.0001199253043398252 -0.0009797447193106434
v -0.0008742338306255784 0.00013842012146229684 -0.0007317793716869747
v -0.0008393768966961728 0.0001482253143889209 -0.0006777143800290597
v -0.0007428932040462766 0.0001513878760233373 -0.0007299857486312011
v -0.0009560503532615934 0.0001363703017781625 -0.000495380663559225
v -0.000861533918373648 0.0001470085872990279 -0.000508719230019189
v -0.0007439200649708468 0.00015121574528252513 -0.0005216331729696044
v -0.0010112441679129152 0.00012891163953112535 -0.0002618863707000429
v -0.000994345073726019 0.00013808948910091278 -0.0001964933965552251
v -0.0009511770391274312 0.00014145002632637467 -0.00025999046606897663
v -0.0010199590606639536 0.00012763262231391207 -0.00002586615208459428
v -0.0009957766856687174 0.00013758965373565716 -0.0000252425682613355
v -0.00094675194778906 0.00014134220484180726 -0.00002381885164860761
v 0.0010001637392016336 0.00009975975898879066 -0.0005234129677471333
v 0.0008933002006984875 0.00009767955141434296 -0.0007819860352960284
v 0.0008617949887736924 0.00010546571637293106 -0.0007223675594113244
v 0.0008986170228584368 0.00010507895222744646 -0.0005382526176524183
v 0.0007587532907824911 0.00010747919173642469 -0.0007770214449875912
v 0.0007737795025188698 0.00010730342656354845 -0.0005510394834941368
v 0.0011210450081284677 0.00009753346743665651 -0.000006064772893957216
v 0.0010846001556440324 0.00009737436007740736 -0.00026682139710326735
v 0.0010735022263457874 0.00010464282037975823 -0.0001952605340241331
v 0.0010939051937591136 0.00010469158234328444 -0.000006054163266683265
v 0.001018640043821856 0.00010447058868249992 -0.0002659082539019364
v 0.0010376039675363761 0.00010447139633406966 -0.000006033420849316217
v -0.0009972492921370424 0.00012891174048757146 0.00020674336938551754
v -0.0009845750314303873 0.00013808928718802026 0.00014412093847074317
v -0.0009273987758594753 0.00013637050369105474 0.0004319588151107529
v -0.0009383912221678034 0.000141450228239267 0.00020840228593770052
v -0.0008290672130134889 0.00013842042433163522 0.0006557239605504278
v -0.000801363544116215 0.0001482253143889206 0.0006090677073807005
v -0.0008356876291238281 0.000147008284429689 0.00045079948659126906
v -0.0006887723591719356 0.00014606484643972463 0.000828813234595091
v -0.0007059796714589149 0.00015138777506689077 0.0006642753201332313
v -0.0007215332182335222 0.0001512156443260787 0.0004702029451544854
v -0.0005645977834417254 0.00015324113350667293 0.0006919132799725752
v -0.0005719874262648983 0.00015324113350667298 0.000483171247543518
v -0.0005427807845840202 0.00015325991140567057 0.0008534169602433805
v -0.00037637337685446294 0.0001515954424767737 0.0008786652505508863
v -0.0003859786419340274 0.00015166510242466838 0.0007063278295311309
v -0.00039579359441172977 0.00015174728097189485 0.0004929638143080783
v -0.0001814615085291792 0.00014613117482489387 0.0007217730626560975
v -0.00020359215945917514 0.00014675013879669394 0.0005029273272019741
v -0.00017744476421995608 0.0001461158294450678 0.0009012846182710615
v 0.0000011624704956981702 0.00011041227936857332 0.0009178969103961626
v -0.0000015943913748656007 0.0001091992876671907 0.0007342799058633609
v -0.000037364472369256635 0.00011042510083724387 0.0005108936075638726
v 0.0002611094766974853 0.00009876998199000926 0.000523242617664274
v 0.00029480921428068856 0.00009748914755676395 0.0007520649790347667
v 0.00037347283436581534 0.00012273108589328524 0.0007563246847806099
v 0.00035385171965957035 0.00012351773852226354 0.0005266638052275896
v 0.0002970005434848568 0.00009857291500697972 0.0009416462034210135
v 0.0003740114369052397 0.00012265567142795577 0.0009472241851579688
v 0.00048058617576781016 0.00011817734442990057 0.0009512637113355538
v 0.00048597363956646137 0.0001180378226212189 0.0007617366675739812
v 0.00048007186628060914 0.00011822126048400815 0.0005307790293076348
v 0.0006491988172774792 0.00011203636571898057 0.000768456853173019
v 0.0006478406438709428 0.00011203656763187307 0.0005354069725663907
v 0.0006307840444013752 0.0001125605315877761 0.0009509821389802608
v 0.0008002555731653073 0.00010292878183576508 0.000947842702586181
v 0.0008118173079737629 0.0001074789898235319 0.0007553449035832549
v 0.0008179441116381045 0.00010730342656354821 0.0005342469469146738
v 0.0009219973275735244 0.00010546571637293074 0.0007022277450315778
v 0.000950942818943002 0.00010507895222744621 0.0005218163976563467
v 0.0009583510811121224 0.00009767934950145019 0.0007604145172807747
v 0.0010593462492762234 0.00009975945611945176 0.000507203126202671
v 0.0010512306117838115 0.00010447079059539226 0.00025280631789297014
v 0.0010992723600733415 0.00010464282037975815 0.00018260861310459567
v 0.001120281694855978 0.00009737425912096104 0.00025366164458612284
v 0.0009526708221050958 0.00010496991926552423 0.0002757041585267628
v 0.0009382057479105327 0.0001049699192655243 -0.000006017804431643324
v 0.000801295219906837 0.00010724578043275437 -0.000006054878522454542
v 0.0008131328087161965 0.0001072457804327543 0.0002746614348215354
v 0.0006419641225735858 0.00011203646667542691 0.00027278055056166595
v 0.0006328200259294839 0.00011203666858831942 -0.000006223082837999969
v 0.00044869243483015435 0.00011903244552941898 -0.0000066083672801281205
v 0.00046663668964214416 0.00011857763673917931 0.0002702123055055988
v 0.000314862010132033 0.00012505419467734828 0.00026749612171417253
v 0.00026546192861325464 0.00012701870616442328 -0.000007254839288067777
v 0.00011337639392831257 0.0001043760934488341 -0.000008037925148321444
v 0.00019548595150677104 0.0001012606784748043 0.000265020621489781
v -0.00010674774694830547 0.00011275911291749908 0.0002577374103894525
v -0.0002442485002274 0.0001479230507889257 0.0002538269878785832
v -0.00018978947049447682 0.00011533966063943355 -0.000010390639798643605
v -0.0002923027945998215 0.00014921246652010005 -0.000011513352940958865
v -0.00042385087105929325 0.00015208679750054662 -0.000013194561631346657
v -0.0004092426756261384 0.00015190578259246675 0.00024873746622876286
v -0.0005776907796538083 0.00015324113350667303 0.00024304665289388852
v -0.000582064168344849 0.00015324103255022684 -0.000015670896320804616
v -0.0007363761133192423 0.00015115678671793014 -0.00001865053265465152
v -0.0007309250400812169 0.00015115668576148387 0.00023742617304318983
v -0.0008525633891947731 0.00014657084014819998 0.00023265100630484595
v -0.0008591517608513573 0.00014657084014820003 -0.00002149295908970835
v -0.0005368904386220757 0.00014459976649212035 0.0009842848053188274
v -0.0004954818922598447 0.00015316036834969358 0.0009598935106346074
v -0.0003557665555719866 0.00014532907585964328 0.001098255209635024
v -0.0003641888129373615 0.00015146712683362283 0.001004836130185649
v -0.0002031403406523643 0.00013540303806688895 0.0011761468015457355
v -0.00016368330951495257 0.00014587817797065617 0.0011701589186471906
v -0.00019466182569236704 0.0001469159092813938 0.0011249573765069465
v -0.00006685959404528627 0.00012478645818196174 0.0011911219924196775
v -0.00016368330951495257 0.00014587817797065617 0.0011701589186471906
v -0.00005872150146183911 0.00012104258933018693 0.0011454020090545525
v -0.00006685959404528627 0.00012478645818196174 0.0011911219924196775
v 0.00023337767900290035 0.00010893619516833058 0.0011800113284779479
v 0.00020711513149968862 0.00011327934148489169 0.001224518118845691
v 0.00028390371152768595 0.00012635744144165508 0.0012268205271734334
v 0.0003259740038289336 0.00012451316908203308 0.0011882078019889025
v 0.00019324507726188427 0.00010477194367447856 0.0012467911835632728
v 0.000301598323263539 0.00011453311959054889 0.0012414403551383457
v 0.0004418002401980669 0.00011400915563464577 0.001195695933867702
v 0.00046162960389804184 0.00011879539979368453 0.0010912154239155203
v 0.0005801461359781928 0.0001142072321821375 0.0010667129069588666
v 0.0006280135176889358 0.00010493438259645317 0.0011051180887604317
v 0.0003570756634059405 0.000123264842624472 0.0010934429688058689
v 0.00026973958349981017 0.00010319904224230698 0.0010855057755120023
v -0.000027295241956769665 0.00011530745553308784 0.0010552642846652083
v -0.0001907730194640962 0.00014668895919028204 0.0010360878006000773
v -0.0008648543950380633 0.0001465709411046463 -0.0002799818648761831
v -0.0007411143772617683 0.00015115668576148398 -0.00027850033175527694
v -0.0005859191720695328 0.00015324113350667314 -0.00027756358511349383
v -0.0005901452841314698 0.00015324103255022695 -0.0005267341387117652
v -0.00043741774161244247 0.00015224449146954873 -0.0002774334085631213
v -0.00044790626690984923 0.00015234453930775688 -0.0005283317816862088
v -0.0003369742015387935 0.0001502761436375173 -0.00027768732436192484
v -0.00036818086463758133 0.00015091146255360568 -0.0005295756114724604
v -0.00026724778759709065 0.00011745833261989276 -0.00027801157364490403
v -0.0003204613988467901 0.00011869626056349282 -0.0005304782642558126
v -0.000030109959649075753 0.00010964167881454502 -0.0005367667929968845
v 0.000029791992363561005 0.00010749968589500806 -0.00028024293323269944
v 0.00021465540722891718 0.00012906993923880475 -0.00028212310223679754
v 0.0001777286892678158 0.00013054036987805893 -0.0005420222539856412
v 0.0004297761382838088 0.00011950865708625816 -0.0002844724790268538
v 0.0004150566263317492 0.00011985221187275886 -0.0005481009743671383
v 0.0006225170548007037 0.00011203656763187326 -0.0002864990370454734
v 0.0006133379569826749 0.00011203666858831954 -0.0005527498984618517
v 0.0007879249312894421 0.00010724578043275444 -0.00028800894197864024
v 0.0009218571630551045 0.00010497012117841682 -0.0002889702457352372
v -0.0005953260172521551 0.00015324113350667325 -0.0007490027306593372
v -0.00045307932854035866 0.0001523577646022123 -0.000752051150756522
v -0.00037581231922400324 0.0001509926315363699 -0.0007541635394676949
v -0.0003680873683510641 0.00015073418303403625 -0.0009426558465468193
v -0.0003204613988467901 0.00011869626056349282 -0.0005304782642558126
v -0.00033097941143456 0.00011885334879381757 -0.0007556128860788935
v -0.00037581231922400324 0.0001509926315363699 -0.0007541635394676949
v -0.00036818086463758133 0.00015091146255360568 -0.0005295756114724604
v -0.0003133686267111485 0.00011973368900489184 -0.0009450934382153331
v -0.00033097941143456 0.00011885334879381757 -0.0007556128860788935
v -0.000021116895467809464 0.00011042570657592154 -0.000959399507315245
v -0.00004203832775884862 0.00010996918152609608 -0.0007658336526318588
v 0.00016915308201028136 0.00013077246874792822 -0.0007743273149157792
v 0.00018036048986624323 0.00013016016790157905 -0.0009704137309371474
v 0.000409120331340106 0.0001199066273972737 -0.0007839877977812437
v 0.0006070414215981941 0.00011203656763187337 -0.0007912187952102689
v -0.000352798248253453 0.0001502920947560209 -0.0010893354933300126
v -0.0002817288440628532 0.00012298236648793746 -0.0010932806057457889
v 0.000017934825271982067 0.00011284704598216057 -0.0011118002465942967
v 0.0002028381159039811 0.00012909295730854404 -0.0011243262824980893
v -0.00020899648455394187 0.00011797139327960388 -0.0012658157949863025
v -0.0001363947002007307 0.00007436860702475032 -0.0012767692218676463
v -0.00010448945202781119 0.00006155864738915815 -0.0013033223771205527
v -0.000159372411504302 0.0000825500164703058 -0.001297404112450412
v -0.00006632083168314996 0.00004360258434196141 -0.0012864058628740682
v -0.00004966259032323074 0.000040296159771675655 -0.0013156839041969515
v -0.000028655572969918076 0.00003072609440830757 -0.0013392494360932317
v 0.000051822114807711894 0.00004214795338654079 0.001263570964748148
v 0.000010117816516933556 0.00006225560021566571 0.001252961218264903
v 0.0000619173164108981 0.00004569576481974839 0.001236972629172356
v 0.0000024697403684641268 0.00007458546147123914 0.0012285750495803771
v 0.000010117816516933556 0.00006225560021566571 0.001252961218264903
v 0.000051822114807711894 0.00004214795338654079 0.001263570964748148
v 0.0000024697403684641268 0.00007458546147123914 0.0012285750495803771
v 0.00012237553137263467 0.00007032863291619963 0.0012423096293190383
v 0.00009731884623142787 0.000059299191644438934 0.001263192475235847
v 0.00015280769360909304 0.00007376286834740509 0.0012695727951342328
v 0.000039853711108584194 0.000029971444972781777 0.001282942356010952
v -0.00004966259032323074 0.000040296159771675655 -0.0013156839041969515
v -6.602276232527863e-7 0.000058452318495288576 -0.0013163245349494257
v 0.000003275007102852692 0.00007004656060545003 -0.001293252529535327
v -6.602276232527863e-7 0.000058452318495288576 -0.0013163245349494257
v 0.000003275007102852692 0.00007004656060545003 -0.001293252529535327
v -0.00020899648455394187 0.00011797139327960388 -0.0012658157949863025
v -0.00022516055408837148 0.0001286794397048101 -0.0012420862310998093
v -0.0001561941770535625 0.00007399850069289272 -0.001250514566689953
v -0.0001363947002007307 0.00007436860702475032 -0.0012767692218676463
v -0.00024814282033923466 0.00012659085274532576 -0.0011940303415949871
v -0.0001788699033428186 0.00006376777634543407 -0.001199740466835686
v -0.00011166932754149025 0.000022541605791142215 -0.0012049363231768362
v -0.00008438583255405224 0.00003780142502903171 -0.0012576907278431804
v -0.0001561941770535625 0.00007399850069289272 -0.001250514566689953
v -0.0001788699033428186 0.00006376777634543407 -0.001199740466835686
v 0.00005617089080110534 0.00011572501139467125 -0.0012173536402033946
v 0.0000740819024890001 0.00011768205210472559 -0.0012707024224156704
v -0.000010961440702201005 0.00006958680494934544 -0.0012650755052630303
v -0.000042123673087054134 0.000059882215121383706 -0.0012103109934608058
v 0.00009377301954309906 0.00010707435638706612 -0.0012978673597716095
v -0.000010961440702201005 0.00006958680494934544 -0.0012650755052630303
v -0.000042123673087054134 0.000059882215121383706 -0.0012103109934608058
v -0.000037364472369256635 0.00011042510083724387 0.0005108936075638726
v -0.0000015943913748656007 0.0001091992876671907 0.0007342799058633609
v 0.00010261121551644185 0.000018346915928753205 0.000740832244774739
v 0.00006175461689008684 0.000019421142994800878 0.0005152328259096228
v 0.0000011624704956981702 0.00011041227936857332 0.0009178969103961626
v 0.00010502310006316366 0.000023091263162608895 0.0009266369782932882
v 0.00017033001646141513 -0.00003280251611602182 0.0009316949094798771
v 0.0001678564403478631 -0.00003979642536286619 0.0007446058150147039
v 0.00012717468776843102 -0.000038940011829547036 0.0005178686626360757
v 0.0002970005434848568 0.00009857291500697972 0.0009416462034210135
v 0.00029480921428068856 0.00009748914755676395 0.0007520649790347667
v 0.00023019544898436093 0.000014727829244511382 0.0007482419369372884
v 0.0002327844170959736 0.000019364506428469062 0.0009365690199332477
v 0.0002611094766974853 0.00009876998199000926 0.000523242617664274
v 0.0001906187106356647 0.00001580442878704532 0.0005204093703449486
v 0.00012717468776843102 -0.000038940011829547036 0.0005178686626360757
v 0.0001678564403478631 -0.00003979642536286619 0.0007446058150147039
v 0.00017033001646141513 -0.00003280251611602182 0.0009316949094798771
v 0.00019548595150677104 0.0001012606784748043 0.000265020621489781
v 0.00011368325353534364 0.000017887412663764285 0.0002631658440655632
v 0.00011337639392831257 0.0001043760934488341 -0.000008037925148321444
v 0.000018434431069679528 0.000020412989600729745 -0.000008648276739811606
v -0.00004914995897450566 -0.00003534303460702818 -0.000009130359129652663
v 0.00004786010977734719 -0.00003728755671775078 0.0002616496210397501
v -0.00018978947049447682 0.00011533966063943355 -0.000010390639798643605
v -0.00010674774694830547 0.00011275911291749908 0.0002577374103894525
v -0.000018089773391261558 0.0000214863585369844 0.0002600671176457986
v -0.00011457674240675364 0.0000238387446904524 -0.00000966501281868259
v 0.00004786010977734719 -0.00003728755671775078 0.0002616496210397501
v -0.00004914995897450566 -0.00003534303460702818 -0.000009130359129652663
v -0.00005872150146183911 0.00012104258933018693 0.0011454020090545525
v -0.00006685959404528627 0.00012478645818196174 0.0011911219924196775
v 0.000008210012803845076 0.00007103108786902697 0.0012034246301042412
v 0.000030032125988334016 0.00005713039478842956 0.0011572812153225198
v -0.00007632669239033077 0.00011569957037022224 0.0012135499100117408
v 0.000008210012803845076 0.00007103108786902697 0.0012034246301042412
v 0.00007379566001181643 0.000035735502791724124 0.001211248336149065
v 0.00009580132958103203 0.00001572805523547664 0.001164948280353434
v 0.000030032125988334016 0.00005713039478842956 0.0011572812153225198
v 0.00019324507726188427 0.00010477194367447856 0.0012467911835632728
v 0.00020711513149968862 0.00011327934148489169 0.001224518118845691
v 0.00013924242128306383 0.00006643666095781405 0.0012187674624446199
v 0.00012237553137263467 0.00007032863291619963 0.0012423096293190383
v 0.00023337767900290035 0.00010893619516833058 0.0011800113284779479
v 0.00016087650304689023 0.000052767763877747174 0.001172346647632938
v 0.00013924242128306383 0.00006643666095781405 0.0012187674624446199
v 0.00016087650304689023 0.000052767763877747174 0.001172346647632938
v 0.00026973958349981017 0.00010319904224230698 0.0010855057755120023
v 0.00020054465998684784 0.00003450509610336784 0.0010786791360123393
v 0.00013676724694239184 -0.000010786439105699497 0.0010723829778763738
v 0.00009580132958103203 0.00001572805523547664 0.001164948280353434
v -0.000027295241956769665 0.00011530745553308784 0.0010552642846652083
v 0.00007117872292560458 0.000038530431527215476 0.00106585817631219
v 0.00009580132958103203 0.00001572805523547664 0.001164948280353434
v 0.00013676724694239184 -0.000010786439105699497 0.0010723829778763738
v -0.00026724778759709065 0.00011745833261989276 -0.00027801157364490403
v -0.00020619407321045943 0.00002585540018200213 -0.00027839566599408005
v -0.00026952038665030854 0.000027070713881648 -0.0005315821423294842
v -0.0001436829355131426 -0.00003358341422756502 -0.00027882911099147423
v -0.0002099061954306194 -0.00003247526579558605 -0.0005328386083010284
v 0.000029791992363561005 0.00010749968589500806 -0.00028024293323269944
v -0.0000767582936240742 0.000022816207324871582 -0.000279323352729427
v -0.000030109959649075753 0.00010964167881454502 -0.0005367667929968845
v -0.0001442972940180527 0.000024388099192581 -0.0005341816202208971
v -0.0002099061954306194 -0.00003247526579558605 -0.0005328386083010284
v -0.0001436829355131426 -0.00003358341422756502 -0.00027882911099147423
v -0.0003133686267111485 0.00011973368900489184 -0.0009450934382153331
v -0.00028149909891435993 0.000027231537500483054 -0.0007574146153667416
v -0.0002591381434563787 0.00003202888686860648 -0.0009477944824262674
v -0.00022249183444347312 -0.000032320650998193776 -0.0007594681146860793
v -0.0001987824547643871 -0.000025011858595576325 -0.0009507058118339573
v -0.00004203832775884862 0.00010996918152609608 -0.0007658336526318588
v -0.00015729775287989038 0.00002461787606418712 -0.0007616360549288215
v -0.000021116895467809464 0.00011042570657592154 -0.000959399507315245
v -0.00013313072086500568 0.000029211091498045406 -0.0009537570929542272
v -0.0001987824547643871 -0.000025011858595576325 -0.0009507058118339573
v -0.00022249183444347312 -0.000032320650998193776 -0.0007594681146860793
v -0.0002817288440628532 0.00012298236648793746 -0.0010932806057457889
v -0.00021909392367509603 0.000047012539747849954 -0.001097125343934996
v -0.00015583249825631702 -0.000002548746441373586 -0.0011009707973799743
v -0.00011166932754149025 0.000022541605791142215 -0.0012049363231768362
v 0.000017934825271982067 0.00011284704598216057 -0.0011118002465942967
v -0.00008882378962073909 0.00004372277299119117 -0.0011049762296991283
v -0.00011166932754149025 0.000022541605791142215 -0.0012049363231768362
v -0.00015583249825631702 -0.000002548746441373586 -0.0011009707973799743
v 0.000012701750213118359 -0.0007824188184929491 -0.000011201382215386865
v -0.000012684968828358848 -0.0000430275364242683 -0.001359181468671422
v -0.00024964451454114297 -0.00003254199800654001 -0.0013169351249595063
v -0.00047172104966749617 -0.00002038482275223294 -0.0012381666294732085
v -0.000672642731431941 -0.000016648374199255614 -0.0011249852714820263
v -0.0008430443484683301 -0.0000182951757500633 -0.0009745479092951315
v -0.0008430443484683301 -0.0000182951757500633 -0.0009745479092951315
v -0.0009755911570550607 -0.000021453396257292115 -0.0007831533327147533
v -0.0010691604026403657 -0.000025015038723632472 -0.0005542500282328111
v -0.0011223820849370209 -0.000027753431849238346 -0.00029712702255088597
v -0.001135019266774493 -0.00002879217272443825 -0.000027494193429317144
v -0.001104923930903565 -0.000027753482327461577 0.00023736132318659398
v -0.001032833499317383 -0.000025014735854294027 0.00048230590726956735
v -0.000920807687216787 -0.000021453446735515553 0.0006971781584956538
v -0.0007750143727031019 -0.000018295276706509936 0.000878540796046684
v -0.0007750143727031019 -0.000018295276706509936 0.000878540796046684
v -0.0006015351296131744 -0.000016648374199256092 0.0010267646800400654
v -0.00040638216872684565 -0.000020410718080689955 0.0011462076254716014
v -0.0001933941918521759 -0.000032721397611480816 0.0012380860439896446
v 0.000030346657085540862 -0.00004336084413147778 0.0012947857994903555
v 0.00025645895542384463 -0.00004242649222167367 0.0013033811473030926
v 0.0004806774345363595 -0.0000385371451308899 0.0012609415653236367
v 0.0006976712877758367 -0.0000396758833660747 0.0011663165646438878
v 0.0008960424387909038 -0.00004218278336048861 0.0010175939089593355
v 0.0008960424387909038 -0.00004218278336048861 0.0010175939089593355
v 0.0010602083329847261 -0.00004317054123034524 0.000815825620300234
v 0.0011770855635079409 -0.0000431341969097045 0.0005697526010287751
v 0.0012369839195095578 -0.00004273940672674507 0.0002907388348390161
v 0.0012403347624892523 -0.000042534465140910065 -0.00000609636335718867
v 0.0011934344680087931 -0.000042739406726744934 -0.00030428101077520364
v 0.0011073008941877157 -0.000043134196909704244 -0.0005871196072018692
v 0.0009887718959360292 -0.00004317059170856798 -0.0008388977449236279
v 0.00084153570197845 -0.0000421829852733806 -0.0010475862523791346
v 0.00084153570197845 -0.0000421829852733806 -0.0010475862523791346
v 0.0006651134834698402 -0.000039675782409627954 -0.0012040327167191223
v 0.000460251133007082 -0.00003847954947831847 -0.001306610169482525
v 0.00022989594122208167 -0.000042185054880528124 -0.001357037608706313
vt 0.5966237783432007 0.14341729879379272
vt 0.5723696351051331 0.17122405767440796
vt 0.6314696669578552 0.15870600938796997
vt 0.6438851356506348 0.13028323650360107
vt 0.5115451812744141 0.21171212196350098
vt 0.6155396699905396 0.20542019605636597
vt 0.7090126872062683 0.19339758157730103
vt 0.7102996110916138 0.15069091320037842
vt 0.703131377696991 0.12559008598327637
vt 0.795153021812439 0.14801925420761108
vt 0.7856922149658203 0.12761151790618896
vt 0.7996370792388916 0.18939006328582764
vt 0.8814374804496765 0.18939006328582764
vt 0.8757292628288269 0.14801925420761108
vt 0.862800121307373 0.12516260147094727
vt 0.13696062564849854 0.12516260147094727
vt 0.12403154373168945 0.14801925420761108
vt 0.20460772514343262 0.14801925420761108
vt 0.21406865119934082 0.12761151790618896
vt 0.11832332611083984 0.18939006328582764
vt 0.20012366771697998 0.18939006328582764
vt 0.29332828521728516 0.18939006328582764
vt 0.29641759395599365 0.14801925420761108
vt 0.3115593194961548 0.12516260147094727
vt 0.39611679315567017 0.14801925420761108
vt 0.4054442048072815 0.12761151790618896
vt 0.39454221725463867 0.18939006328582764
vt 0.4997607469558716 0.18939006328582764
vt 0.4997607469558716 0.14801925420761108
vt 0.4997607469558716 0.12761151790618896
vt 0.603404700756073 0.14801925420761108
vt 0.5940772891044617 0.12761151790618896
vt 0.6049792766571045 0.18939006328582764
vt 0.706193208694458 0.18939006328582764
vt 0.7031039595603943 0.14801925420761108
vt 0.6879621744155884 0.12516260147094727
vt 0.7949138283729553 0.14801925420761108
vt 0.7854530215263367 0.12761151790618896
vt 0.7993978261947632 0.18939006328582764
vt 0.8811982870101929 0.18939006328582764
vt 0.875490128993988 0.14801925420761108
vt 0.8625609874725342 0.12516260147094727
vt 0.1371995210647583 0.12516260147094727
vt 0.12427040934562683 0.14801925420761108
vt 0.20484665036201477 0.14801925420761108
vt 0.2143075168132782 0.12761151790618896
vt 0.11856228113174438 0.18939006328582764
vt 0.2003626525402069 0.18939006328582764
vt 0.29345792531967163 0.19340646266937256
vt 0.2941579818725586 0.15069687366485596
vt 0.3069375157356262 0.12559103965759277
vt 0.38636165857315063 0.15872979164123535
vt 0.38484078645706177 0.1302891969680786
vt 0.39434370398521423 0.20545578002929688
vt 0.5070093870162964 0.21139687299728394
vt 0.4596969187259674 0.1705724000930786
vt 0.44919896125793457 0.14267849922180176
vt 0.5818790197372437 0.14267849922180176
vt 0.5619941353797913 0.1705724000930786
vt 0.6255288124084473 0.15872979164123535
vt 0.6344465017318726 0.1302891969680786
vt 0.6127506494522095 0.20545578002929688
vt 0.7083154916763306 0.19340646266937256
vt 0.7088144421577454 0.15069687366485596
vt 0.7005594372749329 0.12559103965759277
vt 0.795153021812439 0.14801925420761108
vt 0.7856922149658203 0.12761151790618896
vt 0.7996370792388916 0.18939006328582764
vt 0.8814374804496765 0.18939006328582764
vt 0.8757293224334717 0.14801925420761108
vt 0.8628002405166626 0.12516260147094727
vt 0.13743892312049866 0.12516260147094727
vt 0.1245097815990448 0.14801925420761108
vt 0.20508599281311035 0.14801925420761108
vt 0.21454688906669617 0.12761151790618896
vt 0.11880162358283997 0.18939006328582764
vt 0.2006019949913025 0.18939006328582764
vt 0.29380667209625244 0.18939006328582764
vt 0.2968958914279938 0.14801925420761108
vt 0.31203770637512207 0.12516260147094727
vt 0.3965952396392822 0.14801925420761108
vt 0.40592265129089355 0.12761151790618896
vt 0.39502066373825073 0.18939006328582764
vt 0.5002392530441284 0.18939006328582764
vt 0.5002392530441284 0.14801925420761108
vt 0.5002392530441284 0.12761151790618896
vt 0.6038832664489746 0.14801925420761108
vt 0.5945558547973633 0.12761151790618896
vt 0.6054579019546509 0.18939006328582764
vt 0.7066718339920044 0.18939006328582764
vt 0.7035825848579407 0.14801925420761108
vt 0.6884407997131348 0.12516260147094727
vt 0.7953923940658569 0.14801925420761108
vt 0.7859315872192383 0.12761151790618896
vt 0.7998764514923096 0.18939006328582764
vt 0.8816767930984497 0.18939006328582764
vt 0.8759686946868896 0.14801925420761108
vt 0.863039493560791 0.12516260147094727
vt 0.13720011711120605 0.12516260147094727
vt 0.1242709755897522 0.14801925420761108
vt 0.2048472762107849 0.14801925420761108
vt 0.21430814266204834 0.12761151790618896
vt 0.11856281757354736 0.18939006328582764
vt 0.20036327838897705 0.18939006328582764
vt 0.29390692710876465 0.19339758157730103
vt 0.2946484684944153 0.15069091320037842
vt 0.308505654335022 0.12559008598327637
vt 0.38832157850265503 0.15870600938796997
vt 0.38797998428344727 0.13028323650360107
vt 0.39613771438598633 0.20542019605636597
vt 0.46376878023147583 0.17122405767440796
vt 0.45482468605041504 0.14341729879379272
vt 0.5010094046592712 0.3537440299987793
vt 0.5 0.4539964199066162
vt 0.6068353652954102 0.4539964199066162
vt 0.6098806858062744 0.352408230304718
vt 0.5 0.5608319044113159
vt 0.6006556153297424 0.5608318746089935
vt 0.697480320930481 0.5608319044113159
vt 0.7096046209335327 0.4539964199066162
vt 0.7144274115562439 0.35040444135665894
vt 0.804241418838501 0.4539964199066162
vt 0.8109976053237915 0.3497365117073059
vt 0.7866431474685669 0.5608318746089935
vt 0.8648962378501892 0.5608319044113159
vt 0.8872988224029541 0.4539964199066162
vt 0.8958994150161743 0.3497365117073059
vt 0.10386133193969727 0.3497365117073059
vt 0.11246192455291748 0.4539964199066162
vt 0.1955193281173706 0.4539964199066162
vt 0.18876314163208008 0.3497365117073059
vt 0.1348646879196167 0.5608319044113159
vt 0.21311765909194946 0.5608318746089935
vt 0.30228036642074585 0.5608319044113159
vt 0.29015612602233887 0.4539964199066162
vt 0.2855015993118286 0.3497365117073059
vt 0.3929253816604614 0.4539964199066162
vt 0.3905528783798218 0.3497365117073059
vt 0.3991050720214844 0.5608318746089935
vt 0.4997607469558716 0.5608319044113159
vt 0.4997607469558716 0.4539964199066162
vt 0.4997607469558716 0.3497365117073059
vt 0.6065961122512817 0.4539964199066162
vt 0.6089685559272766 0.3497365117073059
vt 0.6004164218902588 0.5608318746089935
vt 0.6972411870956421 0.5608319044113159
vt 0.7093653678894043 0.4539964199066162
vt 0.7140199542045593 0.3497365117073059
vt 0.8040022850036621 0.4539964199066162
vt 0.8107584118843079 0.3497365117073059
vt 0.786404013633728 0.5608318746089935
vt 0.8646570444107056 0.5608319044113159
vt 0.8870596885681152 0.4539964199066162
vt 0.8956602811813354 0.3497365117073059
vt 0.1041002869606018 0.3497365117073059
vt 0.11270084977149963 0.4539964199066162
vt 0.19575819373130798 0.4539964199066162
vt 0.18900206685066223 0.3497365117073059
vt 0.1351034939289093 0.5608319044113159
vt 0.21335655450820923 0.5608318746089935
vt 0.30251938104629517 0.5608319044113159
vt 0.2903951406478882 0.4539964199066162
vt 0.2858436107635498 0.3504059314727783
vt 0.39316439628601074 0.4539964199066162
vt 0.3912041485309601 0.3524141311645508
vt 0.3993441164493561 0.5608318746089935
vt 0.49999985098838806 0.5608319044113159
vt 0.49999985098838806 0.4539964199066162
vt 0.5006181597709656 0.3537529706954956
vt 0.6068353056907654 0.4539964199066162
vt 0.6096199750900269 0.3524141311645508
vt 0.6006556153297424 0.5608318746089935
vt 0.6974803805351257 0.5608319044113159
vt 0.7096046209335327 0.4539964199066162
vt 0.7143622636795044 0.3504059314727783
vt 0.8042415380477905 0.4539964199066162
vt 0.8109976053237915 0.3497365117073059
vt 0.7866432070732117 0.5608318746089935
vt 0.864896297454834 0.5608319044113159
vt 0.8872989416122437 0.4539964199066162
vt 0.8958994746208191 0.3497365117073059
vt 0.10433968901634216 0.3497365117073059
vt 0.11294019222259521 0.4539964199066162
vt 0.19599759578704834 0.4539964199066162
vt 0.1892414689064026 0.3497365117073059
vt 0.13534286618232727 0.5608319044113159
vt 0.21359595656394958 0.5608318746089935
vt 0.30275875329971313 0.5608319044113159
vt 0.29063451290130615 0.4539964199066162
vt 0.2859799265861511 0.3497365117073059
vt 0.3934037983417511 0.4539964199066162
vt 0.3910313844680786 0.3497365117073059
vt 0.39958351850509644 0.5608318746089935
vt 0.5002392530441284 0.5608319044113159
vt 0.5002392530441284 0.4539964199066162
vt 0.5002392530441284 0.3497365117073059
vt 0.6070747375488281 0.4539964199066162
vt 0.609447181224823 0.3497365117073059
vt 0.6008949875831604 0.5608318746089935
vt 0.6977197527885437 0.5608319044113159
vt 0.7098439931869507 0.4539964199066162
vt 0.7144985795021057 0.3497365117073059
vt 0.8044809103012085 0.4539964199066162
vt 0.8112369775772095 0.3497365117073059
vt 0.7868825197219849 0.5608318746089935
vt 0.8651355504989624 0.5608319044113159
vt 0.8875382542610168 0.4539964199066162
vt 0.8961387872695923 0.3497365117073059
vt 0.10410088300704956 0.3497365117073059
vt 0.112701416015625 0.4539964199066162
vt 0.19575881958007812 0.4539964199066162
vt 0.18900275230407715 0.3497365117073059
vt 0.1351040005683899 0.5608319044113159
vt 0.21335721015930176 0.5608318746089935
vt 0.30251991748809814 0.5608319044113159
vt 0.29039573669433594 0.4539964199066162
vt 0.28590941429138184 0.35040444135665894
vt 0.3931647539138794 0.4539964199066162
vt 0.39146530628204346 0.352408230304718
vt 0.39934444427490234 0.5608318746089935
vt 0.5 0.6592131555080414
vt 0.5905706286430359 0.6592131555080414
vt 0.5 0.7455567717552185
vt 0.5770385265350342 0.7455567717552185
vt 0.6511449217796326 0.7455567717552185
vt 0.6776942014694214 0.6592131555080414
vt 0.7579234838485718 0.6592131555080414
vt 0.7193871736526489 0.7455567717552185
vt 0.7792794704437256 0.2201002836227417
vt 0.8283361196517944 0.1714247465133667
vt 0.7579234838485718 0.11375105381011963
vt 0.7193871736526489 0.17104363441467285
vt 0.8283361196517944 0.6592131555080414
vt 0.1714247465133667 0.6592131555080414
vt 0.24183738231658936 0.6592131555080414
vt 0.8283361196517944 0.27999258041381836
vt 0.8860098123550415 0.24183738231658936
vt 0.34823477268218994 0.7455567717552185
vt 0.32206660509109497 0.6592131555080414
vt 0.27999258041381836 0.7455567717552185
vt 0.4091901183128357 0.6592131555080414
vt 0.42234116792678833 0.7455567717552185
vt 0.4993796944618225 0.7455567717552185
vt 0.4997607469558716 0.6592131555080414
vt 0.5903314352035522 0.6592131555080414
vt 0.5764182209968567 0.7455567717552185
vt 0.6505722999572754 0.7455567717552185
vt 0.6774550080299377 0.6592131555080414
vt 0.7576842904090881 0.6592131555080414
vt 0.7189574241638184 0.7455567717552185
vt 0.7792797088623047 0.7789927124977112
vt 0.8283363580703735 0.8280969262123108
vt 0.8860099911689758 0.7576842904090881
vt 0.8283363580703735 0.7189574539661407
vt 0.8280969262123108 0.6592131555080414
vt 0.17166361212730408 0.6592131555080414
vt 0.24207624793052673 0.6592131555080414
vt 0.719387412071228 0.8280970454216003
vt 0.7579237222671509 0.8857706785202026
vt 0.3488548696041107 0.7455567717552185
vt 0.3223055601119995 0.6592131555080414
vt 0.28061261773109436 0.7455567717552185
vt 0.409429132938385 0.6592131555080414
vt 0.4229613244533539 0.7455567717552185
vt 0.49999988079071045 0.7455567717552185
vt 0.49999988079071045 0.6592131555080414
vt 0.5905706286430359 0.6592131555080414
vt 0.5770384669303894 0.7455567717552185
vt 0.6511449813842773 0.7455567717552185
vt 0.6776942014694214 0.6592131555080414
vt 0.7579234838485718 0.6592131555080414
vt 0.7193871736526489 0.7455567717552185
vt 0.22072052955627441 0.7790403962135315
vt 0.17166388034820557 0.8280970454216003
vt 0.24207651615142822 0.8857707679271698
vt 0.2806128263473511 0.8280970752239227
vt 0.8283361196517944 0.6592131555080414
vt 0.17190295457839966 0.6592131555080414
vt 0.2423156201839447 0.6592131555080414
vt 0.1716638207435608 0.7191480994224548
vt 0.1139901876449585 0.7576843798160553
vt 0.3490941524505615 0.7455567717552185
vt 0.3225449323654175 0.6592131555080414
vt 0.28085190057754517 0.7455567717552185
vt 0.409668505191803 0.6592131555080414
vt 0.4232006371021271 0.7455567717552185
vt 0.5002391934394836 0.7455567717552185
vt 0.5002392530441284 0.6592131555080414
vt 0.5908099412918091 0.6592131555080414
vt 0.5772777795791626 0.7455567717552185
vt 0.6513842344284058 0.7455567717552185
vt 0.6779335141181946 0.6592131555080414
vt 0.7581628561019897 0.6592131555080414
vt 0.7196264863014221 0.7455567717552185
vt 0.22072076797485352 0.220481276512146
vt 0.17166411876678467 0.17142456769943237
vt 0.11399036645889282 0.24183714389801025
vt 0.17166399955749512 0.2803735136985779
vt 0.8285754323005676 0.6592131555080414
vt 0.17166411876678467 0.6592131555080414
vt 0.24207687377929688 0.6592131555080414
vt 0.2806130647659302 0.17142462730407715
vt 0.24207687377929688 0.11375093460083008
vt 0.34885531663894653 0.7455567717552185
vt 0.3223060965538025 0.6592131555080414
vt 0.2806130647659302 0.7455567717552185
vt 0.40942949056625366 0.6592131555080414
vt 0.42296159267425537 0.7455567717552185
vt 0.5 0.10475242137908936
vt 0.5 0.1893099546432495
vt 0.5605173707008362 0.19475722312927246
vt 0.5770385265350342 0.11227148771286011
vt 0.5 0.26637327671051025
vt 0.5363802313804626 0.31567418575286865
vt 0.5891109704971313 0.2829129099845886
vt 0.6187314987182617 0.21178388595581055
vt 0.6511449217796326 0.13453125953674316
vt 0.6723389625549316 0.24031299352645874
vt 0.6036021709442139 0.3425655961036682
vt 0.6646556854248047 0.33296680450439453
vt 0.7193871736526489 0.2788492441177368
vt 0.7579234838485718 0.3258974552154541
vt 0.655051589012146 0.39401501417160034
vt 0.7151330709457397 0.4085114598274231
vt 0.7866432070732117 0.379504919052124
vt 0.864896297454834 0.34823477268218994
vt 0.8042415380477905 0.43771904706954956
vt 0.8872989416122437 0.42234116792678833
vt 0.6828957796096802 0.4612368941307068
vt 0.7328583598136902 0.49762243032455444
vt 0.8102604150772095 0.49823641777038574
vt 0.8949609398841858 0.4993796944618225
vt 0.8042415380477905 0.5587538182735443
vt 0.8872989416122437 0.5764182209968567
vt 0.682895839214325 0.5339973866939545
vt 0.7151331305503845 0.5871568918228149
vt 0.7866432666778564 0.6171584725379944
vt 0.8648964166641235 0.6505722999572754
vt 0.7579236626625061 0.6713376045227051
vt 0.6550517082214355 0.6021720767021179
vt 0.6646558046340942 0.6638872623443604
vt 0.7193873524665833 0.7189575135707855
vt 0.672339141368866 0.7576844096183777
vt 0.6036022901535034 0.6545742750167847
vt 0.5891111493110657 0.7147880792617798
vt 0.6187316179275513 0.7864041328430176
vt 0.6511451005935669 0.8646571934223175
vt 0.5605175495147705 0.8040024936199188
vt 0.5770386457443237 0.8870598375797272
vt 0.5363802909851074 0.682418555021286
vt 0.5000000596046448 0.732513427734375
vt 0.5000001192092896 0.8100213408470154
vt 0.5000001192092896 0.8947218656539917
vt 0.4394826292991638 0.8040024936199188
vt 0.4229615330696106 0.8870598673820496
vt 0.46361982822418213 0.6824185848236084
vt 0.41088902950286865 0.7147881388664246
vt 0.3812685012817383 0.78640416264534
vt 0.34885501861572266 0.8646571934223175
vt 0.32766103744506836 0.7576844394207001
vt 0.39639782905578613 0.6545743346214294
vt 0.3353443145751953 0.6643108129501343
vt 0.2806127667427063 0.7191481590270996
vt 0.24207639694213867 0.6720998883247375
vt 0.344948410987854 0.6031248867511749
vt 0.28486692905426025 0.5887660682201385
vt 0.21335673332214355 0.6184923648834229
vt 0.13510370254516602 0.6509058475494385
vt 0.19575846195220947 0.5602782666683197
vt 0.11270105838775635 0.5767993628978729
vt 0.31710416078567505 0.5359029173851013
vt 0.2671416401863098 0.49965500831604004
vt 0.18973958492279053 0.49976080656051636
vt 0.10503911972045898 0.49976080656051636
vt 0.19575852155685425 0.4392433762550354
vt 0.1127011775970459 0.4227222204208374
vt 0.3171042203903198 0.46314239501953125
vt 0.28486698865890503 0.41054391860961914
vt 0.2133568525314331 0.38102930784225464
vt 0.13510388135910034 0.34861576557159424
vt 0.24207663536071777 0.32742178440093994
vt 0.3449484705924988 0.3959205150604248
vt 0.3353443741798401 0.3349992632865906
vt 0.2806129455566406 0.28037357330322266
vt 0.3276612162590027 0.2418372631072998
vt 0.3963979482650757 0.3444710969924927
vt 0.4108891487121582 0.2845219373703003
vt 0.3812687397003174 0.2131175994873047
vt 0.34885531663894653 0.13486456871032715
vt 0.4394826889038086 0.1955193281173706
vt 0.42296159267425537 0.11246198415756226
vt 0.46361982822418213 0.3166269063949585
vt 0.29686862230300903 0.018640875816345215
vt 0.3447204828262329 0.016940951347351074
vt 0.3616817593574524 -0.003330826759338379
vt 0.3561148941516876 -0.009150266647338867
vt 0.3838338255882263 0.016172051429748535
vt 0.395186185836792 -0.006406545639038086
vt 0.6383182406425476 0.12080895900726318
vt 0.604813814163208 0.13517248630523682
vt 0.691494345664978 0.01822483539581299
vt 0.6120200157165527 -0.011749982833862305
vt 0.5882798433303833 -0.005519986152648926
vt 0.6019052267074585 0.016393661499023438
vt 0.46398890018463135 0.13517248630523682
vt 0.4117201566696167 0.12080895900726318
vt 0.5274525284767151 0.015522003173828125
vt 0.5360110998153687 -0.009006142616271973
vt 0.2143077850341797 0.06618702411651611
vt 0.23679187893867493 0.08182120323181152
vt 0.2894943952560425 0.06729042530059814
vt 0.13719984889030457 0.13696062564849854
vt 0.21504506468772888 0.13262945413589478
vt 0.28171002864837646 0.12899672985076904
vt 0.862799882888794 0.13696050643920898
vt 0.7856918573379517 0.06618684530258179
vt 0.763207733631134 0.08182096481323242
vt 0.7849545478820801 0.13262927532196045
vt 0.6927618980407715 0.0672903060913086
vt 0.6954032182693481 0.1289966106414795
vt 0.06642615795135498 0.21406865119934082
vt 0.08206033706665039 0.23655271530151367
vt 0.13286858797073364 0.21480590105056763
vt 0.017834126949310303 0.3115593194961548
vt 0.06752961874008179 0.30569833517074585
vt 0.12923592329025269 0.30026161670684814
vt -0.015447854995727539 0.4054442048072815
vt -0.009043753147125244 0.43135523796081543
vt 0.015692085027694702 0.4057031273841858
vt -0.02397775650024414 0.4997607469558716
vt -0.012445390224456787 0.4997607469558716
vt 0.014841645956039429 0.4997607469558716
vt 0.9821658134460449 0.31155920028686523
vt 0.9335736632347107 0.21406841278076172
vt 0.9179394245147705 0.23655253648757935
vt 0.9324702620506287 0.3056982159614563
vt 0.8671311140060425 0.2148057222366333
vt 0.870763897895813 0.3002614974975586
vt 1.0239777565002441 0.4997607469558716
vt 1.015447735786438 0.4054441452026367
vt 1.0090436935424805 0.4313551187515259
vt 1.012445330619812 0.4997607469558716
vt 0.9843077659606934 0.40570300817489624
vt 0.9851582050323486 0.4997606873512268
vt -0.015447854995727539 0.5940772891044617
vt -0.009043753147125244 0.5681663155555725
vt 0.01783391833305359 0.6879621744155884
vt 0.01569199562072754 0.5938183963298798
vt 0.06642594933509827 0.7854530215263367
vt 0.08206012845039368 0.762968897819519
vt 0.06752941012382507 0.6938232183456421
vt 0.1371995210647583 0.8625609874725342
vt 0.13286837935447693 0.7847156822681427
vt 0.1292356550693512 0.699259877204895
vt 0.2077959179878235 0.7919646203517914
vt 0.2077959179878235 0.7010721266269684
vt 0.21504482626914978 0.8668921887874603
vt 0.3015061616897583 0.8705248534679413
vt 0.2996387481689453 0.7919646203517914
vt 0.2973843812942505 0.7010721564292908
vt 0.40119266510009766 0.7919646501541138
vt 0.39217516779899597 0.7010721564292908
vt 0.40141355991363525 0.8717357814311981
vt 0.4887407720088959 0.8717358112335205
vt 0.48828011751174927 0.7919646799564362
vt 0.4725705087184906 0.7010721862316132
vt 0.6120909452438354 0.7010722160339355
vt 0.6269479990005493 0.7919646799564362
vt 0.6646518707275391 0.7919646799564362
vt 0.6562026739120483 0.7010722160339355
vt 0.6282976865768433 0.8717358410358429
vt 0.6654654741287231 0.8717358708381653
vt 0.715213418006897 0.8705249428749084
vt 0.7168222069740295 0.7919647097587585
vt 0.7147098779678345 0.7010722160339355
vt 0.7922037839889526 0.7919647097587585
vt 0.7922037243843079 0.7010722160339355
vt 0.7849549055099487 0.8668923079967499
vt 0.8628002405166626 0.8625610768795013
vt 0.8671313524246216 0.7847158014774323
vt 0.8707639575004578 0.699260026216507
vt 0.9179396629333496 0.7629689872264862
vt 0.9324703812599182 0.6938232779502869
vt 0.933573842048645 0.7854531109333038
vt 0.9821659326553345 0.6879622936248779
vt 0.9843078851699829 0.5938184261322021
vt 1.0090436935424805 0.5681663155555725
vt 1.0154478549957275 0.5940773487091064
vt 0.9373139142990112 0.6023691296577454
vt 0.9373139142990112 0.4997606873512268
vt 0.8719748258590698 0.4997606873512268
vt 0.8719748258590698 0.6023691296577454
vt 0.7922036647796631 0.602369099855423
vt 0.7922036647796631 0.4997607469558716
vt 0.705446183681488 0.4997607469558716
vt 0.7106217741966248 0.6023691296577454
vt 0.639850378036499 0.6023691296577454
vt 0.6191481947898865 0.4997607469558716
vt 0.5468913316726685 0.4997607469558716
vt 0.5832613110542297 0.6023691296577454
vt 0.44118350744247437 0.602369099855423
vt 0.37411797046661377 0.602369099855423
vt 0.4031195342540741 0.4997607469558716
vt 0.3522864580154419 0.4997607469558716
vt 0.28741225600242615 0.4997607469558716
vt 0.29287010431289673 0.6023690700531006
vt 0.20779600739479065 0.6023690700531006
vt 0.20779606699943542 0.4997607469558716
vt 0.12802493572235107 0.4997607469558716
vt 0.1280248761177063 0.6023690700531006
vt 0.06268587708473206 0.6023690700531006
vt 0.06268593668937683 0.4997607469558716
vt 0.2143075168132782 0.9333347380161285
vt 0.23679164052009583 0.9177004992961884
vt 0.3069375157356262 0.9813680648803711
vt 0.3048597276210785 0.932231217622757
vt 0.38484078645706177 1.0117164850234985
vt 0.404790461063385 1.0051478743553162
vt 0.3897036910057068 0.9831545650959015
vt 0.45396456122398376 0.13493633270263672
vt 0.404790461063385 0.12080895900726318
vt 0.458391934633255 0.9840590357780457
vt 0.45396456122398376 1.0087655782699585
vt 0.6004727482795715 0.9836996495723724
vt 0.5885046124458313 1.0073280334472656
vt 0.6260961890220642 1.0039373636245728
vt 0.6455878019332886 0.9828520119190216
vt 0.5818790197372437 1.0196059942245483
vt 0.6344465017318726 1.0102789998054504
vt 0.7005594372749329 0.9811381101608276
vt 0.7081380486488342 0.9322313368320465
vt 0.7632081508636475 0.9177006185054779
vt 0.7856922149658203 0.9333347678184509
vt 0.6589108109474182 0.9370749294757843
vt 0.6166048049926758 0.9370748996734619
vt 0.4743810296058655 0.9370748698711395
vt 0.3930809795856476 0.9370748400688171
vt 0.0626859962940216 0.3971524238586426
vt 0.12802499532699585 0.3971524238586426
vt 0.2077960968017578 0.3971524238586426
vt 0.2077961266040802 0.29844939708709717
vt 0.28232717514038086 0.3971524238586426
vt 0.2789062261581421 0.29844939708709717
vt 0.3319461941719055 0.3971523642539978
vt 0.31826215982437134 0.2984493374824524
vt 0.36737918853759766 0.3971523642539978
vt 0.3432162404060364 0.29844939708709717
vt 0.4826597571372986 0.2984493374824524
vt 0.5094130635261536 0.3971523642539978
vt 0.5976492166519165 0.3971523642539978
vt 0.5822382569313049 0.2984492778778076
vt 0.7000714540481567 0.3971523642539978
vt 0.6962186098098755 0.2984493374824524
vt 0.7922036647796631 0.3971523642539978
vt 0.7922036051750183 0.2984492778778076
vt 0.8719748258590698 0.3971523642539978
vt 0.9373138546943665 0.397152304649353
vt 0.2077961266040802 0.20755696296691895
vt 0.27844056487083435 0.20755690336227417
vt 0.3163994550704956 0.20755696296691895
vt 0.322228342294693 0.12778586149215698
vt 0.7015506029129028 0.14557009935379028
vt 0.792443037033081 0.14557009935379028
vt 0.792443037033081 0.12080895900726318
vt 0.7015506625175476 0.12080895900726318
vt 0.35015976428985596 0.1277858018875122
vt 0.33988460898399353 0.20755696296691895
vt 0.48963528871536255 0.12778574228286743
vt 0.47846463322639465 0.2075568437576294
vt 0.5797999501228333 0.2075568437576294
vt 0.5862257480621338 0.1277858018875122
vt 0.6956090331077576 0.2075568437576294
vt 0.7922035455703735 0.2075568437576294
vt 0.3316190242767334 0.06244683265686035
vt 0.36681729555130005 0.06244683265686035
vt 0.5089792013168335 0.062446773052215576
vt 0.5974074006080627 0.062446773052215576
vt 0.4033762216567993 -0.01753830909729004
vt 0.43818604946136475 -0.020168066024780273
vt 0.4532940089702606 -0.03212928771972656
vt 0.42763036489486694 -0.0313868522644043
vt 0.4708865284919739 -0.02217411994934082
vt 0.47870495915412903 -0.03604888916015625
vt 0.48845478892326355 -0.04702556133270264
vt 0.5127731561660767 0.20064711570739746
vt 0.4924030303955078 0.18467950820922852
vt 0.5175776481628418 1.0236040949821472
vt 0.4886241853237152 1.0235475897789001
vt 0.4924030303955078 1.0362418293952942
vt 0.5127731561660767 1.038737714290619
vt 0.4886241853237152 0.174491286277771
vt 0.5469723343849182 1.0221100449562073
vt 0.5349084734916687 1.035031259059906
vt 0.5619941353797913 1.034364402294159
vt 0.5070093870162964 1.050423264503479
vt 0.5212950706481934 0.20405364036560059
vt 0.4988921284675598 0.18740469217300415
vt 0.5028349757194519 -0.02276766300201416
vt 0.5011078715324402 -0.03431844711303711
vt 0.4971650242805481 0.17747628688812256
vt 1.01753830909729 0.14341729879379272
vt 1.006406545639038 0.13517248630523682
vt 1.0079790353775024 0.17826294898986816
vt 1.0201680660247803 0.17747628688812256
vt 0.9838279485702515 0.13743221759796143
vt 0.9842211008071899 0.1873018741607666
vt 0.4497532844543457 0.015573620796203613
vt 0.46247127652168274 -0.008799910545349121
vt 0.42880111932754517 -0.007979035377502441
vt 0.4180242717266083 0.01577889919281006
vt 0.015522003173828125 0.13743221759796143
vt -0.009006142616271973 0.13517248630523682
vt -0.009620904922485352 0.17826294898986816
vt 0.015368461608886719 0.1873018741607666
vt 0.545175313949585 -0.0213010311126709
vt 0.4961414337158203 -0.009620904922485352
vt 0.48148226737976074 0.015368461608886719
vt 0.29892781376838684 0.14557009935379028
vt 0.20803532004356384 0.14557009935379028
vt 0.20803532004356384 0.21985352039337158
vt 0.29892781376838684 0.21985352039337158
vt 0.1282641887664795 0.14453262090682983
vt 0.1282641887664795 0.215703547000885
vt 0.1282641887664795 0.26315081119537354
vt 0.20803532004356384 0.2693758010864258
vt 0.29892781376838684 0.2693758010864258
vt 0.8717358112335205 0.14453262090682983
vt 0.7919646501541138 0.14557009935379028
vt 0.7919646501541138 0.21985352039337158
vt 0.8717358112335205 0.215703547000885
vt 0.7010722160339355 0.14557009935379028
vt 0.7010722160339355 0.21985352039337158
vt 0.7010722160339355 0.2693758010864258
vt 0.7919646501541138 0.2693758010864258
vt 0.8717358112335205 0.26315081119537354
vt 0.6023691296577454 0.14557009935379028
vt 0.6023690700531006 0.21985352039337158
vt 0.4997607469558716 0.14557009935379028
vt 0.4997607469558716 0.21985352039337158
vt 0.4997607469558716 0.2693758010864258
vt 0.6023690700531006 0.2693758010864258
vt 0.5002392530441284 0.14557009935379028
vt 0.397630900144577 0.14557009935379028
vt 0.397630900144577 0.21985352039337158
vt 0.5002392530441284 0.21985352039337158
vt 0.397630900144577 0.2693758010864258
vt 0.5002392530441284 0.2693758010864258
vt 0.015940964221954346 0.1377241611480713
vt -0.008765578269958496 0.13493633270263672
vt -0.009668827056884766 0.1773185133934021
vt 0.01571512222290039 0.1884697675704956
vt 0.44919896125793457 1.0216866731643677
vt 0.4914795756340027 1.0096688270568848
vt 0.5231650471687317 1.0092148780822754
vt 0.5333611965179443 0.9841713309288025
vt 0.5021172761917114 0.9842848777770996
vt 1.0196059942245483 0.14267849922180176
vt 1.0073280334472656 0.13493633270263672
vt 1.008760929107666 0.1773185133934021
vt 1.0221099853515625 0.174491286277771
vt 0.9836996793746948 0.1377241611480713
vt 0.9840579032897949 0.1884697675704956
vt 0.5548504590988159 1.008760929107666
vt 0.5646051168441772 0.9840579330921173
vt 0.9370748996734619 0.1414201259613037
vt 0.9370748996734619 0.20325356721878052
vt 0.9370748996734619 0.2444758415222168
vt 0.9841713309288025 0.2223002314567566
vt 0.06292513012886047 0.1414201259613037
vt 0.06292513012886047 0.20325356721878052
vt 0.01582866907119751 0.2223002314567566
vt 0.06292513012886047 0.2444758415222168
vt 0.6028476357460022 0.14557009935379028
vt 0.6028476357460022 0.21985352039337158
vt 0.7015506625175476 0.21985352039337158
vt 0.6028476357460022 0.2693758010864258
vt 0.7015506625175476 0.2693758010864258
vt 0.3971523642539978 0.14557009935379028
vt 0.3971523642539978 0.21985352039337158
vt 0.2984493374824524 0.14557009935379028
vt 0.2984493374824524 0.21985352039337158
vt 0.2984493374824524 0.2693758010864258
vt 0.3971523642539978 0.2693758010864258
vt 0.8722141981124878 0.14446240663528442
vt 0.7924430966377258 0.21985352039337158
vt 0.8722141981124878 0.21542274951934814
vt 0.7924431562423706 0.2693758010864258
vt 0.8722142577171326 0.2627296447753906
vt 0.2075568437576294 0.14557009935379028
vt 0.2075568437576294 0.21985352039337158
vt 0.12778574228286743 0.14446240663528442
vt 0.1277858018875122 0.21542274951934814
vt 0.12778574228286743 0.2627296447753906
vt 0.2075568437576294 0.2693758010864258
vt 0.9375531673431396 0.14113926887512207
vt 0.9375531673431396 0.20213031768798828
vt 0.9375531673431396 0.24279093742370605
vt 0.9844263792037964 0.22054827213287354
vt 0.062446773052215576 0.14113932847976685
vt 0.06244683265686035 0.20213031768798828
vt 0.015573620796203613 0.22054827213287354
vt 0.06244683265686035 0.24279093742370605
vt 0.5 0.4988081455230713
vt 0.504037618637085 0.2751119136810303
vt 0.6105627417564392 0.26976847648620605
vt 0.7123093605041504 0.2617534399032593
vt 0.8071906566619873 0.25908172130584717
vt 0.8910531997680664 0.25908172130584717
vt 0.10870754718780518 0.25908172130584717
vt 0.1925700306892395 0.25908172130584717
vt 0.28812432289123535 0.25908172130584717
vt 0.39188969135284424 0.25908172130584717
vt 0.4997607469558716 0.25908172130584717
vt 0.6076318025588989 0.25908172130584717
vt 0.7113972306251526 0.25908172130584717
vt 0.8069515228271484 0.25908172130584717
vt 0.8908140659332275 0.25908172130584717
vt 0.10894650220870972 0.25908172130584717
vt 0.19280898571014404 0.25908172130584717
vt 0.2887754738330841 0.2617594003677368
vt 0.3937775492668152 0.26979225873947144
vt 0.5024730563163757 0.2751474976539612
vt 0.6095197200775146 0.26979225873947144
vt 0.7120486497879028 0.2617594003677368
vt 0.8071907162666321 0.25908172130584717
vt 0.8910532593727112 0.25908172130584717
vt 0.10918581485748291 0.25908172130584717
vt 0.19304832816123962 0.25908172130584717
vt 0.28860265016555786 0.25908172130584717
vt 0.3923681676387787 0.25908172130584717
vt 0.5002392530441284 0.25908172130584717
vt 0.6081103682518005 0.25908172130584717
vt 0.711875855922699 0.25908172130584717
vt 0.80743008852005 0.25908172130584717
vt 0.8912926316261292 0.25908172130584717
vt 0.1089470386505127 0.25908172130584717
vt 0.19280964136123657 0.25908172130584717
vt 0.2890368700027466 0.2617534399032593
vt 0.3948209285736084 0.26976847648620605
vn 0.3811046424077888 0.8660119455217312 -0.32370134653550275
vn 0.058680492814055414 0.6422623001848284 -0.764235394053686
vn -0.24916920164664325 0.36941727497424764 -0.8952349333562535
vn -0.25004208504021475 0.6014990733513189 -0.7587343543469259
vn -0.11120166272065794 0.5577743716346236 -0.8225095382764639
vn -0.2477321929517136 0.3062229748417576 -0.91916062266309
vn -0.39926653642172005 0.33137154909791905 -0.8548562038976197
vn -0.386042244529984 0.49174308317028875 -0.780487107896364
vn -0.14748630512002636 0.9345643145704234 -0.3237859350459143
vn -0.49207538018196806 0.6159176266572202 -0.6152294672654329
vn -0.24237600505840215 0.9241832532643048 -0.29519347309474003
vn -0.5458463188292573 0.40724736348148305 -0.7322577286433579
vn -0.6765202029388251 0.4698866681715329 -0.567033450591997
vn -0.5579968316624816 0.6986022544911039 -0.4478776907533785
vn -0.223380193299788 0.9583890971214717 -0.17774033802161956
vn -0.223380193299788 0.9583890971214717 -0.17774033802161956
vn -0.5579968316624816 0.6986022544911039 -0.4478776907533785
vn -0.6624103897214263 0.6736350024404729 -0.3277626566223372
vn -0.36995608877901354 0.9130469510304602 -0.1716908780026342
vn -0.6765202029388251 0.4698866681715329 -0.567033450591997
vn -0.7631043320548184 0.5189422588764756 -0.3851891877394153
vn -0.8040032162301203 0.5495990351052182 -0.2269795781629609
vn -0.7019131555493209 0.6855989309200521 -0.1930596487826407
vn -0.3561801320061197 0.9309584076292059 -0.08032531872701425
vn -0.7642063204467436 0.638386157082477 -0.09193374916055572
vn -0.5453944239548079 0.8360665779798596 -0.05947772275441276
vn -0.8172816948063679 0.5685769922239556 -0.09365273753602046
vn -0.8217376931001306 0.5692630841014406 0.026205053287325447
vn -0.7741700065591267 0.6325272096107981 0.023877396135648515
vn -0.5652519711310297 0.8247371849155509 0.017285397017658344
vn -0.7658650438705552 0.6263365251385689 0.14544171291103325
vn -0.5482718254044696 0.8306573670973881 0.0969863080774066
vn -0.8154630615548333 0.5584630961443882 0.15211497455688638
vn -0.7977291183591393 0.5238993312201197 0.2985929410904785
vn -0.7056130813661992 0.6605624285593803 0.2564516667534672
vn -0.36098436096555236 0.9258003471322718 0.11217846668615607
vn -0.6701321897917367 0.6276299179185307 0.39623671503093977
vn -0.38602492775170644 0.8971859824212021 0.21457415524986265
vn -0.7524923635522409 0.4733898189778043 0.45788352458209713
vn -0.6719132757202747 0.4098799058958758 0.6168719580704232
vn -0.579396090732684 0.6363798256073303 0.5092355914541592
vn -0.23649778334834776 0.9495528511351237 0.20595674636310282
vn -0.23649778334834776 0.9495528511351237 0.20595674636310282
vn -0.579396090732684 0.6363798256073303 0.5092355914541592
vn -0.520732418243045 0.544134718617555 0.6578412852548439
vn -0.2694447368819065 0.9014924069572062 0.33869008542492507
vn -0.6719132757202747 0.4098799058958758 0.6168719580704232
vn -0.5648197034743798 0.3456684541919865 0.7493277135830732
vn -0.4405825012776135 0.2969227458470868 0.8471858961093415
vn -0.4137454243422807 0.4797579458364045 0.7737228426527549
vn -0.13988899719297898 0.9351625778430557 0.32542590779818675
vn -0.30051624325121107 0.37968768532383323 0.8749441405916201
vn -0.22631041088647452 0.7165316231078945 0.659822726958356
vn -0.3097729904681898 0.2837778323869088 0.9074749782898602
vn -0.08525341254269948 0.49534154662866053 0.8645048338981979
vn -0.10872884007834231 0.49993074315828695 0.8592131815681259
vn 0.13660506735848915 0.786518173575574 0.6022692240247097
vn -0.3548686192062832 0.8794760735363965 0.3171594223409242
vn -0.1257288201082995 0.5722166966923675 0.8104074998546411
vn 0.11718098967591632 0.40598377057681806 0.9063364682538171
vn 0.14399499752545927 0.6876239657873966 0.7116450817384016
vn 0.09756800051459413 0.31343968272145173 0.9445824742027876
vn 0.29532753981686094 0.3566267850757491 0.88634021706806
vn 0.2942396152368914 0.5442423442630638 0.785635614987184
vn 0.13921385030732 0.9379341494838696 0.3176460846832232
vn 0.4227873728542669 0.6584265393199391 0.6226759427456273
vn 0.21836138507521696 0.9317632452020504 0.2900613045522901
vn 0.473721068912366 0.44098680184589323 0.7623116091640323
vn 0.6123781534314987 0.5097835183923145 0.6042464410945098
vn 0.48479064766055263 0.7445465790214912 0.4589427193106523
vn 0.19107180428216827 0.9662932651434241 0.17253663769419253
vn 0.19107180428216827 0.9662932651434241 0.17253663769419253
vn 0.48479064766055263 0.7445465790214912 0.4589427193106523
vn 0.5855808957926226 0.7324678403541134 0.3472547729401147
vn 0.296211508295554 0.9398038572441674 0.17037444721042355
vn 0.6123781534314987 0.5097835183923145 0.6042464410945098
vn 0.7057507767266464 0.568257129715918 0.42308353274118515
vn 0.7562002721902354 0.6062711433030317 0.2461634601996179
vn 0.6239060627299837 0.7544615451501028 0.2037866575085056
vn 0.27861063570064803 0.9569440441976251 0.08145065959938345
vn 0.7019384400073131 0.7073675491075588 0.08314792186016998
vn 0.44539072576643196 0.894069461202276 0.047611972724542914
vn 0.7760123196670234 0.6251802919014432 0.08339353897653907
vn 0.7815843970640507 0.6213917100392538 -0.05475557469807282
vn 0.7153682238699113 0.6970451248790628 -0.04874831442768014
vn 0.46134894862336673 0.8866395155608104 -0.03205490680387756
vn 0.705162692325156 0.6901121024900086 -0.16276014054293825
vn 0.45072673614655756 0.8868988009038172 -0.10127154722844234
vn 0.7751901977069103 0.607784376266598 -0.17227393692994808
vn 0.7604909238544673 0.5837772554243161 -0.28435483253187704
vn 0.6355575724832521 0.7346885548489392 -0.2372747340809244
vn 0.2802711733643151 0.9549898192389924 -0.09717260175001328
vn 0.607262254389486 0.7185278575566871 -0.3390431717477824
vn 0.3101905468125402 0.9355542273510689 -0.16887898730653841
vn 0.7260944557339547 0.5544096217555772 -0.40671465753922614
vn 0.6519063351196339 0.5149830808025556 -0.5566062851944772
vn 0.516213976408931 0.7433391840358609 -0.4254056746647607
vn 0.20718644638218262 0.9650495237179859 -0.1604780147160708
vn 0.20718644638218262 0.9650495237179859 -0.1604780147160708
vn 0.516213976408931 0.7433391840358609 -0.4254056746647607
vn 0.4505326271526056 0.6746942921696066 -0.5846434503051622
vn 0.2304298573227654 0.9327832209246378 -0.2771597799386992
vn 0.6519063351196339 0.5149830808025556 -0.5566062851944772
vn 0.5162837520753296 0.46218038255538213 -0.7209995709596367
vn 0.319643725214701 0.392863171699253 -0.8622565843490392
vn 0.3041517633732483 0.6070766541318507 -0.7341318960820465
vn 0.1290877194165398 0.9458945239260357 -0.29769096442884385
vn 0.1367926191423346 0.4421338256939571 -0.8864566879015612
vn 0.1266663473898299 0.7883016214956065 -0.602109782337338
vn 0.11497519659838791 0.35323346816737367 -0.9284432245073531
vn -0.057708075794242246 0.5043867301260639 -0.8615473315267498
vn -0.15778232542626067 0.779983919793549 -0.6055822179081647
vn -0.08105067416047664 -0.058417070598131254 -0.9949966000348268
vn -0.07621835226386024 -0.34406992411442894 -0.9358454199802834
vn -0.22718490327734717 -0.3323624817079912 -0.9153809045833148
vn -0.24267808412946776 -0.04743558492012847 -0.9689464447360009
vn -0.06040103958521776 -0.5819667234109887 -0.8109663662935122
vn -0.1963232661585865 -0.5717340649454913 -0.7966036242358739
vn -0.32758333598812933 -0.5798359617567446 -0.7459754791120948
vn -0.3738632978181949 -0.3247907486305856 -0.8687561246681876
vn -0.4023116701369051 -0.011506423814296597 -0.9154304573710994
vn -0.5381021113580703 -0.322202622443427 -0.7788655775180757
vn -0.5704839572482875 0.02628910291055491 -0.8208878958728119
vn -0.4607348851031192 -0.5901640508945603 -0.6628949831464547
vn -0.5924845345527492 -0.5937164618204795 -0.5444840119591972
vn -0.6992758019153208 -0.31123336924016803 -0.6435426502782066
vn -0.7426308772198239 0.07579400815128919 -0.6653981128077212
vn -0.7426308772198239 0.07579400815128919 -0.6653981128077212
vn -0.6992758019153208 -0.31123336924016803 -0.6435426502782066
vn -0.8353702216857631 -0.28022734146136324 -0.47289452293103934
vn -0.8693457024394077 0.12279684711422897 -0.47870552951573203
vn -0.5924845345527492 -0.5937164618204795 -0.5444840119591972
vn -0.7015796396656647 -0.5861328724937375 -0.40525826948852767
vn -0.7818429335634809 -0.5665547936074872 -0.2602638912281688
vn -0.9216346818636179 -0.24723105221386907 -0.29910921083672903
vn -0.9418332091998756 0.16547884530694706 -0.2925183033660336
vn -0.9665021779436359 -0.22015865417126637 -0.13192311027149498
vn -0.972631470325433 0.19527660406023142 -0.12591692038518926
vn -0.8275043687710102 -0.5488099574741996 -0.11850801762775023
vn -0.8426654827251954 -0.5378728868091734 0.024650392675963514
vn -0.978422336342248 -0.2042331933921502 0.03128153550293857
vn -0.9789510047654044 0.20157209731254755 0.031994059664656564
vn -0.95786786873266 -0.20597425725646648 0.20015931503979167
vn -0.960753239430523 0.19461800960432823 0.19767914220120927
vn -0.8282269527966197 -0.5329058357446661 0.17335364112272011
vn -0.7828394356667501 -0.5299667003480925 0.32603330272706726
vn -0.9004083136785936 -0.2159804233710984 0.3776470910505101
vn -0.9132236573751459 0.16528863470690464 0.37242746790091835
vn -0.8071068575213202 -0.22839696722027059 0.5444385602679536
vn -0.8258343857698667 0.12266368006664242 0.5504100188701287
vn -0.7059905372018979 -0.5253530476753671 0.47495424693287996
vn -0.6074194838832802 -0.5173596944495021 0.602810515135633
vn -0.684212485509825 -0.2398848392129787 0.6887006160794623
vn -0.7102764990362486 0.0792641563949114 0.6994458438133813
vn -0.7102764990362486 0.0792641563949114 0.6994458438133813
vn -0.684212485509825 -0.2398848392129787 0.6887006160794623
vn -0.5562202550288831 -0.25024866126982537 0.7924611254997085
vn -0.5773496119550404 0.03593673597896533 0.8157058149740888
vn -0.6074194838832802 -0.5173596944495021 0.602810515135633
vn -0.49551519803211436 -0.5075311189026498 0.7048949225697536
vn -0.37730738633107924 -0.510133047016257 0.7729187606481803
vn -0.42444510296907656 -0.26272886882144597 0.8664986416915917
vn -0.4485817158195898 0.0006105057845997646 0.893741613395639
vn -0.2888242388786535 -0.2880409186269423 0.9130240896234412
vn -0.30983372945577364 -0.03976354487355947 0.9499589046851525
vn -0.2491213507556585 -0.5204348890420802 0.8167533770150166
vn -0.10413571387836604 -0.5462808002546167 0.8311035076139546
vn -0.13155874716661722 -0.3176600777794966 0.9390337432856576
vn -0.14180519574477815 -0.06743735396943268 0.9875948003859613
vn 0.05631953605709762 -0.3394083039293848 0.9389516031628529
vn 0.05700848976346888 -0.06567556931428137 0.9962111983360423
vn 0.057752074939633635 -0.5743287599767714 0.8165850680141725
vn 0.22975306262211684 -0.5999735441385612 0.7663193045653824
vn 0.25689874483620817 -0.3513867309083993 0.9002946185794344
vn 0.28381563584724556 -0.02605793275011772 0.9585247357212093
vn 0.4629905684077786 -0.3524617275805879 0.8132714578517739
vn 0.4959261090094219 0.015445926773828226 0.8682273422029925
vn 0.3928877782328426 -0.6170066258287153 0.6818665686178818
vn 0.5381619164827692 -0.6262080995586486 0.5641322253645316
vn 0.6433720259590238 -0.3446323154974232 0.6835941802913961
vn 0.6905069511966823 0.0651895081033081 0.7203821752252839
vn 0.6905069511966823 0.0651895081033081 0.7203821752252839
vn 0.6433720259590238 -0.3446323154974232 0.6835941802913961
vn 0.7953034251275433 -0.3256703613456614 0.5113035084188104
vn 0.8376920105211271 0.11357869923217549 0.5342021851226358
vn 0.5381619164827692 -0.6262080995586486 0.5641322253645316
vn 0.6547300970397845 -0.6274291872366295 0.42149865365604317
vn 0.7411519905925708 -0.6185530515695925 0.2609326526799873
vn 0.8993219762624598 -0.3031904002904339 0.3151119867334623
vn 0.9342123259510877 0.1574724352136173 0.32007774397629035
vn 0.9538844079279523 -0.27775936326581735 0.11381683719954373
vn 0.9761147100595194 0.1859871438027939 0.11228915862851256
vn 0.7888365634187184 -0.606671501240085 0.09842035255397098
vn 0.8041128395509943 -0.5921754929842313 -0.052256356341783945
vn 0.9632036312692999 -0.2601725507357263 -0.0674463383238882
vn 0.9787576386746516 0.19279853519480952 -0.06972954583786921
vn 0.940338796576495 -0.25927055207853633 -0.2203218747150639
vn 0.9567400154569458 0.1862396173010038 -0.22352482584943198
vn 0.7907326496065668 -0.5836718417733447 -0.18457805386093423
vn 0.7497107636844962 -0.5889874929578276 -0.30170764649717213
vn 0.8934994681297386 -0.2716978332756158 -0.35754578426435113
vn 0.9192403726096422 0.15906536685036454 -0.3601324012543789
vn 0.8161128318225465 -0.30251808879081094 -0.4923846582591085
vn 0.8545225214732586 0.11970150089855146 -0.5054332903337675
vn 0.6798304284652134 -0.6026948948862564 -0.4178390266727707
vn 0.5743547145628595 -0.6195282486804876 -0.5350714073339221
vn 0.6907093759739515 -0.3402808599737395 -0.6380669982668016
vn 0.7410842942877148 0.07233670170009522 -0.6675039103610038
vn 0.7410842942877148 0.07233670170009522 -0.6675039103610038
vn 0.6907093759739515 -0.3402808599737395 -0.6380669982668016
vn 0.5143679263868781 -0.36348330060539474 -0.7767274467182623
vn 0.5567743762861208 0.019962938095867314 -0.8304238526281514
vn 0.5743547145628595 -0.6195282486804876 -0.5350714073339221
vn 0.4280725553117842 -0.630073363231101 -0.6478899940078474
vn 0.26048354652000744 -0.6208308276363803 -0.7394034118454461
vn 0.2998886492901964 -0.37030541362338587 -0.8791704605297626
vn 0.3297765122615379 -0.01622580575931927 -0.9439195808902772
vn 0.09876124540330095 -0.35907503703355764 -0.9280686042452563
vn 0.1041639242676414 -0.04686221936009518 -0.993455489328944
vn 0.09105927038454106 -0.5999718326350618 -0.7948219985138562
vn -0.04190547690818856 -0.7560926834820509 -0.6531215698398029
vn -0.1585596813920637 -0.752465793439996 -0.6392605549692274
vn -0.025541412047340065 -0.8671449695868975 -0.49740048048907926
vn -0.12182557428328647 -0.8627718560457621 -0.4906967025219328
vn -0.21215930888658602 -0.863350179909782 -0.4578371921354941
vn -0.27008513032868225 -0.7544972522993869 -0.5981537583665372
vn -0.37554226873361596 -0.7628097494993169 -0.5263927150552121
vn -0.2986173708547148 -0.8646367634926105 -0.4040184810634796
vn -0.3741751292243111 -0.8649061175873393 -0.33455998031738016
vn -0.4745033939804793 -0.7673388515507806 -0.4313207808600639
vn -0.37554226873361596 -0.7628097494993169 -0.5263927150552121
vn -0.2986173708547148 -0.8646367634926105 -0.4040184810634796
vn -0.4745033939804793 -0.7673388515507806 -0.4313207808600639
vn -0.4745033939804793 -0.7673388515507806 -0.4313207808600639
vn -0.5593432583635912 -0.7628511976126435 -0.32433496515817833
vn -0.43745686714288073 -0.8628865782000227 -0.25309729858651603
vn -0.5593432583635912 -0.7628511976126435 -0.32433496515817833
vn -0.48606368497303537 -0.8577100800274394 -0.1675574909389528
vn -0.6209520347482245 -0.7547655702772704 -0.21153605949356816
vn -0.43745686714288073 -0.8628865782000227 -0.25309729858651603
vn -0.6599475965496231 -0.7449149208854239 -0.09783113231808467
vn -0.5158199268179058 -0.8530012934794988 -0.07948959944465958
vn -0.5274236607468149 -0.8495284330421217 0.011212650776066991
vn -0.6745888393060667 -0.7379971697343629 0.017031598508762576
vn -0.6655736320563989 -0.7337279697555489 0.1365833324738197
vn -0.5198427865679309 -0.8480235169713661 0.10305140424469572
vn -0.49469870704013874 -0.846494051367379 0.19677654904092637
vn -0.6318571595198997 -0.7308800376503108 0.25801337276917286
vn -0.5760102518361497 -0.724767319323545 0.3780535975496305
vn -0.45205831882147024 -0.8449655722380753 0.2857909342800917
vn -0.39306149513206223 -0.8422431710980584 0.3689567749523435
vn -0.5015480054960166 -0.7160649698412198 0.48549001755881754
vn -0.5760102518361497 -0.724767319323545 0.3780535975496305
vn -0.45205831882147024 -0.8449655722380753 0.2857909342800917
vn -0.5015480054960166 -0.7160649698412198 0.48549001755881754
vn -0.5015480054960166 -0.7160649698412198 0.48549001755881754
vn -0.41057856677694826 -0.7099344411695271 0.5722047970304848
vn -0.3223425154574812 -0.8394008167805459 0.43760892531653856
vn -0.41057856677694826 -0.7099344411695271 0.5722047970304848
vn -0.23784093079074267 -0.8409921321743404 0.4859670001774297
vn -0.3100715213124532 -0.7065438046937977 0.636122239604774
vn -0.3223425154574812 -0.8394008167805459 0.43760892531653856
vn -0.1971127404528113 -0.7161015996382346 0.669585742490642
vn -0.14493143112189447 -0.8448222731946158 0.5150438884087858
vn -0.04517948954700874 -0.8538073327654084 0.5186249629937716
vn -0.07213088632536037 -0.7309086734329567 0.6786528172330778
vn 0.060612892358560405 -0.7513079828028598 0.6571623789115041
vn 0.060440812345341786 -0.8631161102169745 0.5013755962219887
vn 0.16102608974255406 -0.8719146934695424 0.46242336201162765
vn 0.19585093993067187 -0.76892999364445 0.6085959860221053
vn 0.3201834670143148 -0.7822869452731236 0.5343310609593439
vn 0.256554297157604 -0.8779019598457996 0.40431181223020424
vn 0.33674517946586163 -0.880893614786213 0.3326095662114718
vn 0.4289310103482753 -0.7900335022967628 0.4380242614402982
vn 0.3201834670143148 -0.7822869452731236 0.5343310609593439
vn 0.256554297157604 -0.8779019598457996 0.40431181223020424
vn 0.4289310103482753 -0.7900335022967628 0.4380242614402982
vn 0.4289310103482753 -0.7900335022967628 0.4380242614402982
vn 0.5156231170146217 -0.7921910966122296 0.32644458587705016
vn 0.4026796308368857 -0.8813033160361862 0.2472924989818565
vn 0.5156231170146217 -0.7921910966122296 0.32644458587705016
vn 0.4518149102994841 -0.8780547309220321 0.15774402155551634
vn 0.5781902321347623 -0.7901842766381195 0.20323598209431729
vn 0.4026796308368857 -0.8813033160361862 0.2472924989818565
vn 0.6186532633699502 -0.7815703286037612 0.08009969517994223
vn 0.48109059882246596 -0.8742330983535359 0.06533242279158182
vn 0.4940670464987118 -0.8690922887697023 -0.02400723151635376
vn 0.6325468055184325 -0.7736834579868748 -0.0360339515720719
vn 0.6240644416472387 -0.7683360098706051 -0.14213848390790484
vn 0.48832355321995696 -0.8661214077754611 -0.10664808654490393
vn 0.4629738039755878 -0.866940250975902 -0.18458022123243384
vn 0.594144307692799 -0.7679228879935719 -0.23934698605133237
vn 0.5377636490751073 -0.7749830126250525 -0.3319813065159281
vn 0.4190428706383646 -0.8704022630577247 -0.2584627111038468
vn 0.35464202730404887 -0.8751694378495821 -0.3291010293568232
vn 0.4536383315482622 -0.7838789211239997 -0.42396474047682703
vn 0.5377636490751073 -0.7749830126250525 -0.3319813065159281
vn 0.4190428706383646 -0.8704022630577247 -0.2584627111038468
vn 0.4536383315482622 -0.7838789211239997 -0.42396474047682703
vn 0.4536383315482622 -0.7838789211239997 -0.42396474047682703
vn 0.34429848777080246 -0.7867778955576381 -0.5122880970514857
vn 0.2718780431306759 -0.8785479561790628 -0.3927286828804666
vn 0.34429848777080246 -0.7867778955576381 -0.5122880970514857
vn 0.1753306409878147 -0.8771304719285176 -0.44710323365556004
vn 0.2166751466095703 -0.7820349830267669 -0.5843570536615826
vn 0.2718780431306759 -0.8785479561790628 -0.3927286828804666
vn 0.08361625552618794 -0.769579259906247 -0.6330529871455726
vn 0.07529484746805346 -0.8723523635976492 -0.4830445524693941
vn -0.025541412047340065 -0.8671449695868975 -0.49740048048907926
vn -0.010456459367751084 -0.9429810524293843 -0.3326821263859262
vn -0.07611486229205494 -0.9444694313424642 -0.3196623546774059
vn -0.12182557428328647 -0.8627718560457621 -0.4906967025219328
vn -0.0033660940441417285 -0.984567822673343 -0.17497106037044746
vn -0.02510964005640521 -0.9956229004990491 -0.09002525189133324
vn -0.07436564645411674 -0.9835782837514365 -0.1644491117642161
vn -0.14562756693057852 -0.9400931567794464 -0.30824903621314886
vn -0.21215930888658602 -0.863350179909782 -0.4578371921354941
vn -0.20108622527713435 -0.9417454194477648 -0.2695920899302261
vn -0.06227448984829524 -0.9955843073616831 -0.07024083462838404
vn -0.14187649795263818 -0.981749736299475 -0.12664325724098457
vn -0.261007527591352 -0.9378704632336277 -0.22863522199038025
vn -0.30034420694622826 -0.9377148951529786 -0.1745970582858697
vn -0.08280112272371216 -0.9956850722064425 -0.041895239120265305
vn -0.18905240307037052 -0.9796638840431328 -0.0672150518473449
vn -0.3393477581544837 -0.9331651041088347 -0.11851576903127148
vn -0.48606368497303537 -0.8577100800274394 -0.1675574909389528
vn -0.3559197278713984 -0.9328041741271644 -0.05654661831523097
vn -0.5158199268179058 -0.8530012934794988 -0.07948959944465958
vn -0.09140684485032982 -0.9957216997366216 -0.01353090492616581
vn -0.20639289766436153 -0.9784648614294766 0.0029132012466287866
vn -0.3688208299917171 -0.929481790276485 0.005898890458492741
vn -0.5274236607468149 -0.8495284330421217 0.011212650776066991
vn -0.357901488876841 -0.9311649563206678 0.06955823732721406
vn -0.5198427865679309 -0.8480235169713661 0.10305140424469572
vn -0.09273965649539412 -0.9955877375574866 0.014297305280416886
vn -0.19111372453234252 -0.9788271260434824 0.07330076136598014
vn -0.344024385559143 -0.9296610557007665 0.13182391154107959
vn -0.49469870704013874 -0.846494051367379 0.19677654904092637
vn -0.30726974057994544 -0.9324621064499358 0.18999928041674774
vn -0.08608353244533017 -0.9952892907150349 0.04459656073842817
vn -0.14563742370123903 -0.980345174365395 0.13309049521340363
vn -0.2717588098173611 -0.9305635828192563 0.24535396393219397
vn -0.21199181727516972 -0.9347080369839234 0.2852724224421839
vn -0.06538252919653337 -0.9950685313988433 0.07459050003595377
vn -0.0802852041625496 -0.9822167669694606 0.16971891078084958
vn -0.15858482474729332 -0.9328967865030089 0.3233487886048589
vn -0.23784093079074267 -0.8409921321743404 0.4859670001774297
vn -0.08956430124121048 -0.9390120873547356 0.33201586670651173
vn -0.14493143112189447 -0.8448222731946158 0.5150438884087858
vn -0.02660327162087697 -0.9952394521960358 0.09375872616242312
vn -0.010171918292543122 -0.9837717652055171 0.17913583131989766
vn -0.021692425766791607 -0.9385085364783092 0.3445738899302938
vn -0.04517948954700874 -0.8538073327654084 0.5186249629937716
vn 0.04521994413314774 -0.9445834339256843 0.32514195823633274
vn 0.060440812345341786 -0.8631161102169745 0.5013755962219887
vn 0.020868116030934948 -0.9956240017247481 0.09108989473546723
vn 0.06263983827570488 -0.98438498435806 0.16450669661498793
vn 0.11828833432082038 -0.9440944961207636 0.3077230123960297
vn 0.16102608974255406 -0.8719146934695424 0.46242336201162765
vn 0.17544115436458493 -0.9474923305921388 0.26735497905275524
vn 0.05794910231430101 -0.995927059727667 0.06907382458768563
vn 0.13075917707261817 -0.9836321301289003 0.1239752805577539
vn 0.2371320089721583 -0.9453815026063508 0.22365648850544545
vn 0.2779724821553391 -0.9457149297957215 0.1683881549452731
vn 0.07841406267639274 -0.9961063863599535 0.04029021999813065
vn 0.17864506476506464 -0.9819085304115592 0.06278199375695183
vn 0.31683147740907147 -0.942113759743225 0.10972455798621449
vn 0.4518149102994841 -0.8780547309220321 0.15774402155551634
vn 0.3348588452824476 -0.9410711818132071 0.0474824651508273
vn 0.48109059882246596 -0.8742330983535359 0.06533242279158182
vn 0.08789360230625134 -0.9960555819008554 0.012165214251249076
vn 0.1963038756623536 -0.9805237125336058 -0.006167459708351852
vn 0.3476365970577126 -0.9375415395493211 -0.012831913560431478
vn 0.4940670464987118 -0.8690922887697023 -0.02400723151635376
vn 0.3376722346482499 -0.9385380065561666 -0.07158122796679584
vn 0.48832355321995696 -0.8661214077754611 -0.10664808654490393
vn 0.09007929576271734 -0.9958241520361691 -0.014831678810484255
vn 0.18127852787767387 -0.9808394433058958 -0.07135882416270453
vn 0.3244062299125099 -0.9373230649521451 -0.12722448625429125
vn 0.4629738039755878 -0.866940250975902 -0.18458022123243384
vn 0.2865425096562515 -0.9415922743802674 -0.17691065255459348
vn 0.08290429577663708 -0.99564595904831 -0.042614574649418015
vn 0.13536697611031842 -0.9827597546677476 -0.12593270577628674
vn 0.24682853316481485 -0.9423074758039541 -0.22612451494627067
vn 0.18526775000765394 -0.9466433500230462 -0.2637086055938369
vn 0.06070771194772562 -0.9956711050825446 -0.07038198785041777
vn 0.06761178866339246 -0.9844359697339666 -0.16221734656836562
vn 0.12655083670265904 -0.9452858771710032 -0.30069834743627044
vn 0.1753306409878147 -0.8771304719285176 -0.44710323365556004
vn 0.05462573672893567 -0.9472736640259588 -0.3157350698444126
vn 0.07529484746805346 -0.8723523635976492 -0.4830445524693941
vn 0.02152786357710002 -0.9957237298690468 -0.08983765839267695
vn -0.14748630512002636 0.9345643145704234 -0.3237859350459143
vn 0.09011547711240052 0.995823358259207 0.014664239842542495
vn 0.11498990140465745 0.9793436264810071 -0.16632313082063105
vn -0.25004208504021475 0.6014990733513189 -0.7587343543469259
vn 0.47441183042673263 0.8482491561901166 0.23538645707413192
vn 0.4078686250445945 0.9129680925799555 0.011508546178811476
vn 0.11498990140465745 0.9793436264810071 -0.16632313082063105
vn 0.4078686250445945 0.9129680925799555 0.011508546178811476
vn 0.1290877194165398 0.9458945239260357 -0.29769096442884385
vn 0.1266663473898299 0.7883016214956065 -0.602109782337338
vn -0.029328032940271944 0.9789459009534837 -0.20200195417427622
vn 0.017984701961025595 0.9998349739200102 0.0025642585177310397
vn -0.2690868918322233 0.9351100440533021 -0.2305676693613065
vn -0.029328032940271944 0.9789459009534837 -0.20200195417427622
vn -0.28683595331295886 0.9558944459433638 -0.0631739194737454
vn -0.2690868918322233 0.9351100440533021 -0.2305676693613065
vn -0.24237600505840215 0.9241832532643048 -0.29519347309474003
vn -0.04437180175217034 0.9971994304977808 -0.060203314062993916
vn 0.0066713380826609655 0.9994743604263494 -0.03172532267017106
vn -0.223380193299788 0.9583890971214717 -0.17774033802161956
vn -0.023075059333020488 0.9997166810335748 -0.005839460590784476
vn 0.013132433429861963 0.9999137328438372 -0.0002570262893651882
vn 0.20718644638218262 0.9650495237179859 -0.1604780147160708
vn 0.2304298573227654 0.9327832209246378 -0.2771597799386992
vn 0.0744360248708721 0.9958435028884419 -0.05248805536786978
vn 0.051771767495148835 0.9986509271680412 -0.0040012194191017016
vn 0.04530224664512614 0.9986586405270834 -0.025072418102405958
vn 0.0427354406151411 0.9990863385742605 -0.00041254055269326255
vn -0.36995608877901354 0.9130469510304602 -0.1716908780026342
vn -0.10757803931888439 0.9936453917425043 -0.0331028839406754
vn -0.02820292359474693 0.9994825324615854 -0.015468109286045851
vn -0.3561801320061197 0.9309584076292059 -0.08032531872701425
vn -0.07597467808050874 0.9971089178698697 -0.001286155099743153
vn -0.02416319887991331 0.9997076100265248 0.0009133865248529096
vn -0.5453944239548079 0.8360665779798596 -0.05947772275441276
vn -0.25124758681022175 0.9678694797171131 -0.010164662029062558
vn -0.07930731212860298 0.9967887256910977 -0.011071882317555331
vn -0.5652519711310297 0.8247371849155509 0.017285397017658344
vn -0.22941952243405075 0.9733039251401207 0.006793528756599276
vn -0.06791081173847027 0.9976897278418833 0.0018244472617404616
vn 0.2802711733643151 0.9549898192389924 -0.09717260175001328
vn 0.3101905468125402 0.9355542273510689 -0.16887898730653841
vn 0.07258074195851755 0.9968315599750553 -0.03254038927930783
vn 0.03647901870064697 0.9993252679116229 -0.004276693582793983
vn 0.029569717470525576 0.9994664174651912 -0.013874875423214075
vn 0.02382184196918857 0.999715651846244 -0.0010655040283397256
vn 0.46134894862336673 0.8866395155608104 -0.03205490680387756
vn 0.45072673614655756 0.8868988009038172 -0.10127154722844234
vn 0.15472047333306596 0.9876091779605358 -0.02626188758842313
vn 0.1281886614282628 0.9917087004099753 -0.009028876585035083
vn 0.011682478704575094 0.9998645637999123 -0.01159196913938616
vn 0.0005879972299623283 0.9999998269920697 -0.000016585792069026376
vn -0.5482718254044696 0.8306573670973881 0.0969863080774066
vn -0.25505178754866636 0.9665772148809371 0.0260206329907835
vn -0.36098436096555236 0.9258003471322718 0.11217846668615607
vn -0.08279171386518823 0.9964249425661182 0.016818619068536926
vn -0.38602492775170644 0.8971859824212021 0.21457415524986265
vn -0.11698685235523819 0.992010114512326 0.047222971965510785
vn -0.07988624428082736 0.9967751626380758 0.007580443426459333
vn -0.23649778334834776 0.9495528511351237 0.20595674636310282
vn -0.03207621407805028 0.9992843485112113 0.020047626067521827
vn -0.02514494558937975 0.9996835843278219 0.0006803945811314988
vn -0.010117268410382824 0.9999351403024507 0.0052303028813263245
vn -0.002603765055164998 0.9999966069277675 0.00008087329159695453
vn -0.02478018359433915 0.9996502388555198 0.009238098133962987
vn 0.019093429458120266 0.9998171039666636 -0.0010952475710033914
vn 0.017931393684384234 0.9998390875119363 -0.0005140076208371658
vn 0.01716884519559645 0.9998525909779539 -0.00016452757277999103
vn 0.1179687380246784 0.9929853268787339 -0.007969783710922804
vn 0.1218368521964506 0.9924680396239632 -0.012766039786383031
vn 0.11558906673592363 0.9932944326166445 0.0023103644509957404
vn 0.42441187142925435 0.9052770351253864 0.018656180330069525
vn 0.43156299799221315 0.9012438138961778 -0.03889687234013375
vn 0.44202639422437573 0.8922884247061988 -0.09183699659901301
vn -0.4806889167097996 0.8714027441164802 0.09795622950393482
vn -0.5296376656607881 0.847184437624944 0.041981802718543036
vn -0.11764651306922702 0.9930145986294252 0.00901692139777011
vn -0.10167342765490911 0.9946876220406377 0.01609498891094824
vn -0.49205210638326685 0.8686649827902816 -0.05749671536487893
vn -0.11520340254075517 0.9933084868873217 -0.008150209853258933
vn 0.039777308172481866 0.9992082240770742 0.0008310783902751299
vn 0.03914481082603192 0.9992335444250375 0.00008649375982850681
vn 0.03945916868202893 0.999221096290531 -0.00041801300543984585
vn 0.03726546356863757 0.9992993095683272 0.003489286643264434
vn 0.032296417414845936 0.9994782321672476 -0.0004525991599090374
vn 0.048454698806131624 0.9988133278277218 0.004906966203174434
vn 0.19107180428216827 0.9662932651434241 0.17253663769419253
vn 0.027351149519957277 0.9995320425216779 0.013697101605076135
vn 0.022325224890412686 0.999750729975177 -0.00024949487579642204
vn 0.06781325181688501 0.9972062466414874 0.03132194976716639
vn 0.03424771928783672 0.9994118148427233 0.001765807564831636
vn 0.296211508295554 0.9398038572441674 0.17037444721042355
vn 0.27861063570064803 0.9569440441976251 0.08145065959938345
vn 0.011213276967868014 0.9998798026954289 0.010707127597632963
vn 0.15540490631039494 0.9878312211974971 0.006228444598700376
vn 0.44539072576643196 0.894069461202276 0.047611972724542914
vn 0.01563275875618975 0.9998736107761915 0.002894706729884098
vn 0.01080013684576284 0.9999415039679243 -0.0005879510851714207
vn 0.02251770552977697 0.999745962268996 -0.0009817660176924886
vn 0.022083843292113277 0.9997558187429997 -0.0007789447755903563
vn 0.03267502511122678 0.9994656578023602 -0.0008611664626043189
vn 0.03318811778973024 0.999448457223012 -0.0011533395493977026
vn 0.040784394243929704 0.9991674599079132 -0.0010100729302068158
vn 0.03995440554501159 0.9992011677023814 -0.0008197193067174048
vn -0.07476953012643514 0.996856805998792 0.02619209229059423
vn -0.05111121379157669 0.9985554059168916 0.016575437819349902
vn -0.3773157699425297 0.9176066318372749 0.12502351363214764
vn -0.4287032968953242 0.8943124900064305 0.1281352935360806
vn 0.4660009517250377 0.8754873309178299 -0.12792594105080252
vn 0.13818112379839004 0.9900321540932733 -0.02724538286108929
vn 0.5197186961385515 0.842157831112137 -0.14374513689354837
vn 0.1634766756823415 0.9862550810701204 -0.02400607363190865
vn 0.014639027247123444 0.999892839604832 0.0000904889145759176
vn 0.01603739887656761 0.9998713686574903 -0.0002190348620122415
vn -0.0028674552074821947 0.9999958757533939 0.00016179257158734358
vn -0.0031167234708778194 0.9999951417786538 0.000049536817276335036
vn -0.025451051440876414 0.999675925113347 0.0005373353960379698
vn -0.025768765027570906 0.999667703679674 0.0006730295398261814
vn -0.05601928605941646 0.9984075504078488 0.0066485244973658545
vn -0.04849741939308184 0.9988226289601967 0.0011645553885018573
vn -0.2694447368819065 0.9014924069572062 0.33869008542492507
vn -0.052465463749207 0.9957318560823146 0.07593053336075872
vn -0.13988899719297898 0.9351625778430557 0.32542590779818675
vn 0.01097612577857859 0.999389815637072 0.033159026882463964
vn -0.22631041088647452 0.7165316231078945 0.659822726958356
vn 0.07412909274758356 0.9776791951738507 0.19659162986412043
vn 0.06044270331353339 0.9981706007409092 0.001459942698980733
vn 0.33438553062676546 0.9234578818537152 0.18818038513539628
vn 0.07412909274758356 0.9776791951738507 0.19659162986412043
vn 0.37361749885472106 0.9273267475749417 0.021796049679310626
vn 0.33438553062676546 0.9234578818537152 0.18818038513539628
vn -0.3453285210529761 0.904830141098993 -0.24905948748469864
vn -0.32593714540619156 0.944704701352659 -0.03602782933575704
vn -0.06542518499200317 0.9869690263126659 0.14700913668269083
vn -0.011403437444558533 0.9997674346476235 -0.018304049621815185
vn -0.3548686192062832 0.8794760735363965 0.3171594223409242
vn 0.14399499752545927 0.6876239657873966 0.7116450817384016
vn 0.13921385030732 0.9379341494838696 0.3176460846832232
vn 0.04448379485179705 0.998591950221135 0.028901711872023162
vn 0.0709231080244926 0.9959315316724652 0.05559043954389672
vn 0.21836138507521696 0.9317632452020504 0.2900613045522901
vn -0.06595795765708079 0.9975499739531336 -0.023315172909697514
vn -0.4190837222716347 0.8935111349822286 -0.1612658841470235
vn 0.39422711140852396 0.9166058652358174 0.06647309565372758
vn 0.09773099462634041 0.9951895294260678 0.006815659180769284
vn -0.05396290441320007 0.9985386473649177 -0.00292825305125789
vn -0.025271020475081493 0.9996805126743084 0.0004980997690347469
vn -0.003305971387315335 0.9999945225785668 0.00015926723003361723
vn -0.0034000623437289955 0.9999942174431892 0.00006823666678363474
vn 0.013121786098353022 0.9999138993832157 -0.00011202607459461399
vn 0.01223273375289416 0.9999251734045854 -0.00008841233257572603
vn 0.20891573725035353 0.9771092123142463 -0.040147253203356714
vn 0.26294534100395545 0.9646279258799753 -0.018780635154602855
vn 0.6129358669019658 0.7760792039810096 -0.14836000880742156
vn 0.6974854763131519 0.7122110243476754 -0.07917996672044306
vn -0.35207012677045146 0.934256947298203 0.056662000148963075
vn -0.35163689808109655 0.930252584308506 0.10479323115187465
vn -0.03869016986938255 0.9990997329114064 0.01740098996709094
vn -0.03073045230397844 0.9995075891369686 0.006341810372261769
vn 0.04157485968463529 0.9991348192937302 -0.0010695405967156642
vn 0.042125730341470456 0.999111870024785 -0.0009455256606142621
vn 0.03383287854218468 0.9994268159725959 -0.0011729639503191291
vn 0.03444584699394206 0.9994060162010664 -0.0010480486552167363
vn 0.022942326483424372 0.9997362383151736 -0.0010504546417081937
vn 0.016509910577057797 0.9998523427247917 -0.004766088593727953
vn -0.009226581303262047 0.9999509282962523 -0.0036071036743678692
vn 0.011838606684412369 0.9999298752930611 -0.00030313062378229153
vn 0.26721610513852084 0.9636272686211174 0.0042473903050910915
vn 0.2384121018345892 0.971053030594289 0.014686097931721404
vn 0.6974854763131519 0.7122110243476754 -0.07917996672044306
vn 0.7320690493824666 0.6809695012208413 0.01885325816113183
vn 0.26721610513852084 0.9636272686211174 0.0042473903050910915
vn 0.26294534100395545 0.9646279258799753 -0.018780635154602855
vn 0.6495833422268332 0.7536344252616646 0.1003824415021744
vn 0.7320690493824666 0.6809695012208413 0.01885325816113183
vn -0.3356926774455816 0.9406392745929183 -0.05008174720120147
vn -0.3487687066187543 0.9371708410579773 -0.00843824354735884
vn -0.029759800946944123 0.9995563341276384 -0.0012203085326739143
vn -0.029336898850525532 0.9995344359497923 -0.008381987614197022
vn 0.04247275350209012 0.9990974087781103 -0.0006580142980629957
vn 0.03981986078045779 0.9991982655687022 -0.004147863537098052
vn 0.16542558994884451 0.9858025323142646 0.028770496569577617
vn 0.5488332312821209 0.8175773876301293 0.17421050334672492
vn -0.3100147236687304 0.9475237011826212 -0.07803657351388207
vn -0.015398444446615424 0.9998435858601419 -0.008700099020001423
vn 0.3811046424077888 0.8660119455217312 -0.32370134653550275
vn 0.48043460932002063 0.8308779893070212 0.28075675068044414
vn 0.38181395809443053 0.9242088578500445 -0.007489223977199294
vn 0.058680492814055414 0.6422623001848284 -0.764235394053686
vn -0.0002467824468383809 0.999746586953113 0.02251001941415134
vn 0.06766507386784239 0.9777873863749098 -0.19837657327563113
vn -0.11120166272065794 0.5577743716346236 -0.8225095382764639
vn -0.045279175536617526 0.9394350366348868 0.3397228402765007
vn 0.2674322525440881 0.8301516060250408 0.48921191861323315
vn 0.058613524221456846 0.9957910234161612 -0.07046057381355317
vn 0.42987090605248085 0.8918976828645085 0.1404618362066369
vn 0.2674322525440881 0.8301516060250408 0.48921191861323315
vn -0.045279175536617526 0.9394350366348868 0.3397228402765007
vn 0.42987090605248085 0.8918976828645085 0.1404618362066369
vn -0.39433893156906585 0.8974025781472483 -0.1979025512307499
vn -0.34401897965529876 0.9117126842755838 0.22456830356917434
vn -0.1257288201082995 0.5722166966923675 0.8104074998546411
vn -0.08525341254269948 0.49534154662866053 0.8645048338981979
vn 0.06766507386784239 0.9777873863749098 -0.19837657327563113
vn -0.3008211768662719 0.8146965997450846 -0.49575807599330984
vn -0.3729474173943781 0.8887554711171586 -0.2665031639928148
vn -0.3008211768662719 0.8146965997450846 -0.49575807599330984
vn -0.3729474173943781 0.8887554711171586 -0.2665031639928148
vn 0.3811046424077888 0.8660119455217312 -0.32370134653550275
vn 0.4078686250445945 0.9129680925799555 0.011508546178811476
vn 0.5240423432644422 0.7599405436269087 0.3845386750613662
vn 0.48043460932002063 0.8308779893070212 0.28075675068044414
vn 0.47441183042673263 0.8482491561901166 0.23538645707413192
vn 0.5720544649774428 0.7313924532255343 0.37123950283355683
vn -0.0543911868684743 0.9800451256108217 0.19118878250961102
vn -0.025789319855711593 0.9694996010390394 0.24373230103234783
vn 0.5240423432644422 0.7599405436269087 0.3845386750613662
vn 0.5720544649774428 0.7313924532255343 0.37123950283355683
vn -0.28683595331295886 0.9558944459433638 -0.0631739194737454
vn -0.2690868918322233 0.9351100440533021 -0.2305676693613065
vn -0.43101746628569665 0.8896575808436826 -0.15077576928679415
vn -0.48648956459380394 0.8676499048018991 -0.10252583205507934
vn -0.15778232542626067 0.779983919793549 -0.6055822179081647
vn -0.43101746628569665 0.8896575808436826 -0.15077576928679415
vn -0.48648956459380394 0.8676499048018991 -0.10252583205507934
vn 0.44202639422437573 0.8922884247061988 -0.09183699659901301
vn 0.43156299799221315 0.9012438138961778 -0.03889687234013375
vn 0.6604908605738095 0.7475333848554719 -0.07032539815023837
vn 0.665977562448035 0.7288389260272966 -0.1589581901732355
vn 0.42441187142925435 0.9052770351253864 0.018656180330069525
vn 0.6461009912860359 0.7629378848411356 0.021892759838273615
vn -0.0345851547360623 0.9962102992726162 -0.0798054302353356
vn -0.03661219656601601 0.9992960196445725 -0.008186097063050396
vn -0.01852019020008945 0.9997150311093741 0.015061843477328187
vn -0.49205210638326685 0.8686649827902816 -0.05749671536487893
vn -0.5296376656607881 0.847184437624944 0.041981802718543036
vn -0.7179153776119983 0.6938332769880003 0.0565057017681809
vn -0.7010787373467593 0.7037188484301131 -0.11518848208249427
vn -0.4806889167097996 0.8714027441164802 0.09795622950393482
vn -0.7021583982403862 0.6916797412301018 0.1689754992664754
vn -0.01852019020008945 0.9997150311093741 0.015061843477328187
vn -0.03661219656601601 0.9992960196445725 -0.008186097063050396
vn -0.0345851547360623 0.9962102992726162 -0.0798054302353356
vn -0.4287032968953242 0.8943124900064305 0.1281352935360806
vn -0.6644355887946765 0.7160593385665012 0.21397283003871417
vn -0.3773157699425297 0.9176066318372749 0.12502351363214764
vn -0.6330463314799444 0.7394820928250345 0.22895103535667027
vn 0.016400973058822238 0.9998630410976804 0.002215204194160486
vn 0.003494362407234158 0.9999501778569982 0.009350467107270444
vn 0.5197186961385515 0.842157831112137 -0.14374513689354837
vn 0.4660009517250377 0.8754873309178299 -0.12792594105080252
vn 0.6779395448927393 0.70344098715822 -0.21346838420828113
vn 0.7018349859916015 0.6708166869326843 -0.23965104834076015
vn 0.003494362407234158 0.9999501778569982 0.009350467107270444
vn 0.016400973058822238 0.9998630410976804 0.002215204194160486
vn 0.37361749885472106 0.9273267475749417 0.021796049679310626
vn 0.33438553062676546 0.9234578818537152 0.18818038513539628
vn 0.5090923848697125 0.860711581994641 0.0007185318020623329
vn 0.5529600382514798 0.832023306831533 0.044411856367897816
vn 0.13660506735848915 0.786518173575574 0.6022692240247097
vn 0.5090923848697125 0.860711581994641 0.0007185318020623329
vn 0.13682485631082306 0.9360177518880722 -0.32426798615639163
vn 0.13404605583119686 0.9651049565383373 -0.22495350137580383
vn 0.5529600382514798 0.832023306831533 0.044411856367897816
vn -0.3548686192062832 0.8794760735363965 0.3171594223409242
vn -0.32593714540619156 0.944704701352659 -0.03602782933575704
vn -0.4108011458145931 0.8124620014609151 -0.41370027166964896
vn -0.39433893156906585 0.8974025781472483 -0.1979025512307499
vn -0.3453285210529761 0.904830141098993 -0.24905948748469864
vn -0.4744203315489464 0.784599273652505 -0.3991607806347582
vn -0.4108011458145931 0.8124620014609151 -0.41370027166964896
vn -0.4744203315489464 0.784599273652505 -0.3991607806347582
vn -0.4190837222716347 0.8935111349822286 -0.1612658841470235
vn -0.5953588145650406 0.7479233458988638 -0.29352776798653674
vn 0.05740656864352741 0.9800370404385897 -0.19034675002464826
vn 0.13404605583119686 0.9651049565383373 -0.22495350137580383
vn 0.39422711140852396 0.9166058652358174 0.06647309565372758
vn 0.5955576082532736 0.8003757404832599 0.06862805036946372
vn 0.13404605583119686 0.9651049565383373 -0.22495350137580383
vn 0.05740656864352741 0.9800370404385897 -0.19034675002464826
vn 0.6129358669019658 0.7760792039810096 -0.14836000880742156
vn 0.7443703932410468 0.6348947591940823 -0.2069332317779273
vn 0.7906051529145406 0.601331670570217 -0.1155149953651378
vn 0.03262224311728932 0.9994114837630466 -0.010605440893342628
vn 0.06623056028624724 0.997736150294124 -0.011665645307100677
vn -0.35163689808109655 0.930252584308506 0.10479323115187465
vn -0.6212832437053574 0.7601359796431173 0.19026408894730398
vn -0.35207012677045146 0.934256947298203 0.056662000148963075
vn -0.6234177912603133 0.7752746817695348 0.10148608450058058
vn 0.06623056028624724 0.997736150294124 -0.011665645307100677
vn 0.03262224311728932 0.9994114837630466 -0.010605440893342628
vn 0.6495833422268332 0.7536344252616646 0.1003824415021744
vn 0.7926217243536566 0.6089069661294989 0.03135456396771118
vn 0.7605817031010009 0.6235953251943942 0.18067745654529918
vn 0.062386730428674965 0.9977940614667538 0.02269155719865899
vn 0.029222117218857986 0.9963426445152012 0.0802957195976402
vn -0.3487687066187543 0.9371708410579773 -0.00843824354735884
vn -0.6254196446567435 0.7802136432755142 -0.010813830227126753
vn -0.3356926774455816 0.9406392745929183 -0.05008174720120147
vn -0.6141825247179573 0.7849075713175466 -0.08185310513026468
vn 0.029222117218857986 0.9963426445152012 0.0802957195976402
vn 0.062386730428674965 0.9977940614667538 0.02269155719865899
vn 0.5488332312821209 0.8175773876301293 0.17421050334672492
vn 0.6712280865544726 0.6770042552000437 0.3018577384488518
vn -0.027624772622291724 0.9833193195459057 0.17977760635113457
vn -0.0543911868684743 0.9800451256108217 0.19118878250961102
vn -0.3100147236687304 0.9475237011826212 -0.07803657351388207
vn -0.5512114304171678 0.8297938727672052 -0.08722435265144028
vn -0.0543911868684743 0.9800451256108217 0.19118878250961102
vn -0.027624772622291724 0.9833193195459057 0.17977760635113457
vn -0.000973242046413067 -0.9999995111447236 0.00017467178565385813
vn -0.07734776103607396 0.17078251067599892 -0.9822681191558182
vn -0.243853316017397 0.20755506305845828 -0.9473417841867415
vn -0.39516082484561244 0.252029868165203 -0.8833622518876193
vn -0.5544813215751024 0.314596022819006 -0.7704413062984041
vn -0.7004747264085933 0.37318495918627786 -0.6083322643917075
vn -0.7004747264085933 0.37318495918627786 -0.6083322643917075
vn -0.8008821658388521 0.4245883240364897 -0.42227066146389347
vn -0.8514653342536905 0.4602349540690655 -0.2513773490537608
vn -0.8721755334947618 0.4775069018542841 -0.10628733440373281
vn -0.8742575593186724 0.4846152509764276 0.028666679180053414
vn -0.8671700244969478 0.46791278117899554 0.17051034520902306
vn -0.8373536363641839 0.43725966432536517 0.32808973409990627
vn -0.778058670195395 0.3857656435268825 0.4957918656130452
vn -0.6847782518690515 0.3219528365578112 0.6537775744085637
vn -0.6847782518690515 0.3219528365578112 0.6537775744085637
vn -0.5687783703022448 0.2671088307759784 0.777910044926669
vn -0.4439967560812662 0.21847678671884482 0.8689849102569739
vn -0.31084796107599233 0.17893714912060876 0.9334640013195408
vn -0.14136435709567446 0.11605594942524029 0.9831312908996095
vn 0.07659931970679525 0.19059856545032408 0.978674987454331
vn 0.2854775071024251 0.2628103522916014 0.9216470645897753
vn 0.4825118477215786 0.3335738961356686 0.809883184555142
vn 0.6423628924147629 0.39780004383094864 0.6550763616378132
vn 0.6423628924147629 0.39780004383094864 0.6550763616378132
vn 0.7553732027935054 0.45813534986278515 0.46853316393568684
vn 0.8209768093092656 0.5004101109317117 0.27493053568799775
vn 0.850248114438193 0.5177568163228143 0.09490006873317397
vn 0.8516820123752656 0.520497898755104 -0.0609892382961059
vn 0.8418889025429667 0.5041567009113108 -0.19248141910642233
vn 0.8188909721977162 0.48055797296254466 -0.31381779789427094
vn 0.7748017016370223 0.44749945503741384 -0.4465720108578148
vn 0.6869244832200214 0.4054538511618831 -0.6031102129220693
vn 0.6869244832200214 0.4054538511618831 -0.6031102129220693
vn 0.5327356345794576 0.3546879646655026 -0.7683678750251509
vn 0.32102093326978404 0.2946767206775892 -0.9000617704876145
vn 0.10989500456463198 0.2425628069977649 -0.9638912659802995
f 1/1/1 2/2/2 3/3/3
f 3/3/3 4/4/4 1/1/1
f 5/5/5 6/6/6 3/3/3
f 3/3/3 2/2/2 5/5/5
f 7/7/7 8/8/8 3/3/3
f 3/3/3 6/6/6 7/7/7
f 9/9/9 4/4/4 3/3/3
f 3/3/3 8/8/8 9/9/9
f 9/9/9 8/8/8 10/10/10
f 10/10/10 11/11/11 9/9/9
f 7/7/7 12/12/12 10/10/10
f 10/10/10 8/8/8 7/7/7
f 13/13/13 14/14/14 10/10/10
f 10/10/10 12/12/12 13/13/13
f 15/15/15 11/11/11 10/10/10
f 10/10/10 14/14/14 15/15/15
f 16/16/16 17/17/17 18/18/18
f 18/18/18 19/19/19 16/16/16
f 20/20/20 21/21/21 18/18/18
f 18/18/18 17/17/17 20/20/20
f 22/22/22 23/23/23 18/18/18
f 18/18/18 21/21/21 22/22/22
f 24/24/24 19/19/19 18/18/18
f 18/18/18 23/23/23 24/24/24
f 24/24/24 23/23/23 25/25/25
f 25/25/25 26/26/26 24/24/24
f 22/22/22 27/27/27 25/25/25
f 25/25/25 23/23/23 22/22/22
f 28/28/28 29/29/29 25/25/25
f 25/25/25 27/27/27 28/28/28
f 30/30/30 26/26/26 25/25/25
f 25/25/25 29/29/29 30/30/30
f 30/30/30 29/29/29 31/31/31
f 31/31/31 32/32/32 30/30/30
f 28/28/28 33/33/33 31/31/31
f 31/31/31 29/29/29 28/28/28
f 34/34/34 35/35/35 31/31/31
f 31/31/31 33/33/33 34/34/34
f 36/36/36 32/32/32 31/31/31
f 31/31/31 35/35/35 36/36/36
f 36/36/36 35/35/35 37/37/37
f 37/37/37 38/38/38 36/36/36
f 34/34/34 39/39/39 37/37/37
f 37/37/37 35/35/35 34/34/34
f 40/40/40 41/41/41 37/37/37
f 37/37/37 39/39/39 40/40/40
f 42/42/42 38/38/38 37/37/37
f 37/37/37 41/41/41 42/42/42
f 43/43/43 44/44/44 45/45/45
f 45/45/45 46/46/46 43/43/43
f 47/47/47 48/48/48 45/45/45
f 45/45/45 44/44/44 47/47/47
f 49/49/49 50/50/50 45/45/45
f 45/45/45 48/48/48 49/49/49
f 51/51/51 46/46/46 45/45/45
f 45/45/45 50/50/50 51/51/51
f 51/51/51 50/50/50 52/52/52
f 52/52/52 53/53/53 51/51/51
f 49/49/49 54/54/54 52/52/52
f 52/52/52 50/50/50 49/49/49
f 55/55/55 56/56/56 52/52/52
f 52/52/52 54/54/54 55/55/55
f 57/57/57 53/53/53 52/52/52
f 52/52/52 56/56/56 57/57/57
f 58/58/58 59/59/59 60/60/60
f 60/60/60 61/61/61 58/58/58
f 55/55/55 62/62/62 60/60/60
f 60/60/60 59/59/59 55/55/55
f 63/63/63 64/64/64 60/60/60
f 60/60/60 62/62/62 63/63/63
f 65/65/65 61/61/61 60/60/60
f 60/60/60 64/64/64 65/65/65
f 65/65/65 64/64/64 66/66/66
f 66/66/66 67/67/67 65/65/65
f 63/63/63 68/68/68 66/66/66
f 66/66/66 64/64/64 63/63/63
f 69/69/69 70/70/70 66/66/66
f 66/66/66 68/68/68 69/69/69
f 71/71/71 67/67/67 66/66/66
f 66/66/66 70/70/70 71/71/71
f 72/72/72 73/73/73 74/74/74
f 74/74/74 75/75/75 72/72/72
f 76/76/76 77/77/77 74/74/74
f 74/74/74 73/73/73 76/76/76
f 78/78/78 79/79/79 74/74/74
f 74/74/74 77/77/77 78/78/78
f 80/80/80 75/75/75 74/74/74
f 74/74/74 79/79/79 80/80/80
f 80/80/80 79/79/79 81/81/81
f 81/81/81 82/82/82 80/80/80
f 78/78/78 83/83/83 81/81/81
f 81/81/81 79/79/79 78/78/78
f 84/84/84 85/85/85 81/81/81
f 81/81/81 83/83/83 84/84/84
f 86/86/86 82/82/82 81/81/81
f 81/81/81 85/85/85 86/86/86
f 86/86/86 85/85/85 87/87/87
f 87/87/87 88/88/88 86/86/86
f 84/84/84 89/89/89 87/87/87
f 87/87/87 85/85/85 84/84/84
f 90/90/90 91/91/91 87/87/87
f 87/87/87 89/89/89 90/90/90
f 92/92/92 88/88/88 87/87/87
f 87/87/87 91/91/91 92/92/92
f 92/92/92 91/91/91 93/93/93
f 93/93/93 94/94/94 92/92/92
f 90/90/90 95/95/95 93/93/93
f 93/93/93 91/91/91 90/90/90
f 96/96/96 97/97/97 93/93/93
f 93/93/93 95/95/95 96/96/96
f 98/98/98 94/94/94 93/93/93
f 93/93/93 97/97/97 98/98/98
f 99/99/99 100/100/100 101/101/101
f 101/101/101 102/102/102 99/99/99
f 103/103/103 104/104/104 101/101/101
f 101/101/101 100/100/100 103/103/103
f 105/105/105 106/106/106 101/101/101
f 101/101/101 104/104/104 105/105/105
f 107/107/107 102/102/102 101/101/101
f 101/101/101 106/106/106 107/107/107
f 107/107/107 106/106/106 108/108/108
f 108/108/108 109/109/109 107/107/107
f 105/105/105 110/110/110 108/108/108
f 108/108/108 106/106/106 105/105/105
f 5/5/5 111/111/111 108/108/108
f 108/108/108 110/110/110 5/5/5
f 112/112/112 109/109/109 108/108/108
f 108/108/108 111/111/111 112/112/112
f 113/113/113 114/114/114 115/115/115
f 115/115/115 116/116/116 113/113/113
f 117/117/117 118/118/118 115/115/115
f 115/115/115 114/114/114 117/117/117
f 119/119/119 120/120/120 115/115/115
f 115/115/115 118/118/118 119/119/119
f 121/121/121 116/116/116 115/115/115
f 115/115/115 120/120/120 121/121/121
f 121/121/121 120/120/120 122/122/122
f 122/122/122 123/123/123 121/121/121
f 119/119/119 124/124/124 122/122/122
f 122/122/122 120/120/120 119/119/119
f 125/125/125 126/126/126 122/122/122
f 122/122/122 124/124/124 125/125/125
f 127/127/127 123/123/123 122/122/122
f 122/122/122 126/126/126 127/127/127
f 128/128/128 129/129/129 130/130/130
f 130/130/130 131/131/131 128/128/128
f 132/132/132 133/133/133 130/130/130
f 130/130/130 129/129/129 132/132/132
f 134/134/134 135/135/135 130/130/130
f 130/130/130 133/133/133 134/134/134
f 136/136/136 131/131/131 130/130/130
f 130/130/130 135/135/135 136/136/136
f 136/136/136 135/135/135 137/137/137
f 137/137/137 138/138/138 136/136/136
f 134/134/134 139/139/139 137/137/137
f 137/137/137 135/135/135 134/134/134
f 140/140/140 141/141/141 137/137/137
f 137/137/137 139/139/139 140/140/140
f 142/142/142 138/138/138 137/137/137
f 137/137/137 141/141/141 142/142/142
f 142/142/142 141/141/141 143/143/143
f 143/143/143 144/144/144 142/142/142
f 140/140/140 145/145/145 143/143/143
f 143/143/143 141/141/141 140/140/140
f 146/146/146 147/147/147 143/143/143
f 143/143/143 145/145/145 146/146/146
f 148/148/148 144/144/144 143/143/143
f 143/143/143 147/147/147 148/148/148
f 148/148/148 147/147/147 149/149/149
f 149/149/149 150/150/150 148/148/148
f 146/146/146 151/151/151 149/149/149
f 149/149/149 147/147/147 146/146/146
f 152/152/152 153/153/153 149/149/149
f 149/149/149 151/151/151 152/152/152
f 154/154/154 150/150/150 149/149/149
f 149/149/149 153/153/153 154/154/154
f 155/155/155 156/156/156 157/157/157
f 157/157/157 158/158/158 155/155/155
f 159/159/159 160/160/160 157/157/157
f 157/157/157 156/156/156 159/159/159
f 161/161/161 162/162/162 157/157/157
f 157/157/157 160/160/160 161/161/161
f 163/163/163 158/158/158 157/157/157
f 157/157/157 162/162/162 163/163/163
f 163/163/163 162/162/162 164/164/164
f 164/164/164 165/165/165 163/163/163
f 161/161/161 166/166/166 164/164/164
f 164/164/164 162/162/162 161/161/161
f 167/167/167 168/168/168 164/164/164
f 164/164/164 166/166/166 167/167/167
f 169/169/169 165/165/165 164/164/164
f 164/164/164 168/168/168 169/169/169
f 169/169/169 168/168/168 170/170/170
f 170/170/170 171/171/171 169/169/169
f 167/167/167 172/172/172 170/170/170
f 170/170/170 168/168/168 167/167/167
f 173/173/173 174/174/174 170/170/170
f 170/170/170 172/172/172 173/173/173
f 175/175/175 171/171/171 170/170/170
f 170/170/170 174/174/174 175/175/175
f 175/175/175 174/174/174 176/176/176
f 176/176/176 177/177/177 175/175/175
f 173/173/173 178/178/178 176/176/176
f 176/176/176 174/174/174 173/173/173
f 179/179/179 180/180/180 176/176/176
f 176/176/176 178/178/178 179/179/179
f 181/181/181 177/177/177 176/176/176
f 176/176/176 180/180/180 181/181/181
f 182/182/182 183/183/183 184/184/184
f 184/184/184 185/185/185 182/182/182
f 186/186/186 187/187/187 184/184/184
f 184/184/184 183/183/183 186/186/186
f 188/188/188 189/189/189 184/184/184
f 184/184/184 187/187/187 188/188/188
f 190/190/190 185/185/185 184/184/184
f 184/184/184 189/189/189 190/190/190
f 190/190/190 189/189/189 191/191/191
f 191/191/191 192/192/192 190/190/190
f 188/188/188 193/193/193 191/191/191
f 191/191/191 189/189/189 188/188/188
f 194/194/194 195/195/195 191/191/191
f 191/191/191 193/193/193 194/194/194
f 196/196/196 192/192/192 191/191/191
f 191/191/191 195/195/195 196/196/196
f 196/196/196 195/195/195 197/197/197
f 197/197/197 198/198/198 196/196/196
f 194/194/194 199/199/199 197/197/197
f 197/197/197 195/195/195 194/194/194
f 200/200/200 201/201/201 197/197/197
f 197/197/197 199/199/199 200/200/200
f 202/202/202 198/198/198 197/197/197
f 197/197/197 201/201/201 202/202/202
f 202/202/202 201/201/201 203/203/203
f 203/203/203 204/204/204 202/202/202
f 200/200/200 205/205/205 203/203/203
f 203/203/203 201/201/201 200/200/200
f 206/206/206 207/207/207 203/203/203
f 203/203/203 205/205/205 206/206/206
f 208/208/208 204/204/204 203/203/203
f 203/203/203 207/207/207 208/208/208
f 209/209/209 210/210/210 211/211/211
f 211/211/211 212/212/212 209/209/209
f 213/213/213 214/214/214 211/211/211
f 211/211/211 210/210/210 213/213/213
f 215/215/215 216/216/216 211/211/211
f 211/211/211 214/214/214 215/215/215
f 217/217/217 212/212/212 211/211/211
f 211/211/211 216/216/216 217/217/217
f 217/217/217 216/216/216 218/218/218
f 218/218/218 219/219/219 217/217/217
f 215/215/215 220/220/220 218/218/218
f 218/218/218 216/216/216 215/215/215
f 117/117/117 114/114/114 218/218/218
f 218/218/218 220/220/220 117/117/117
f 113/113/113 219/219/219 218/218/218
f 218/218/218 114/114/114 113/113/113
f 117/117/117 221/221/221 222/222/222
f 222/222/222 118/118/118 117/117/117
f 223/223/223 224/224/224 222/222/222
f 222/222/222 221/221/221 223/223/223
f 225/225/225 226/226/226 222/222/222
f 222/222/222 224/224/224 225/225/225
f 119/119/119 118/118/118 222/222/222
f 222/222/222 226/226/226 119/119/119
f 119/119/119 226/226/226 227/227/227
f 227/227/227 124/124/124 119/119/119
f 225/225/225 228/228/228 227/227/227
f 227/227/227 226/226/226 225/225/225
f 229/229/229 230/230/230 231/231/231
f 231/231/231 232/232/232 229/229/229
f 125/125/125 124/124/124 227/227/227
f 227/227/227 233/233/233 125/125/125
f 132/132/132 234/234/234 235/235/235
f 235/235/235 133/133/133 132/132/132
f 229/229/229 236/236/236 237/237/237
f 237/237/237 230/230/230 229/229/229
f 238/238/238 239/239/239 235/235/235
f 235/235/235 240/240/240 238/238/238
f 134/134/134 133/133/133 235/235/235
f 235/235/235 239/239/239 134/134/134
f 134/134/134 239/239/239 241/241/241
f 241/241/241 139/139/139 134/134/134
f 238/238/238 242/242/242 241/241/241
f 241/241/241 239/239/239 238/238/238
f 243/243/243 244/244/244 241/241/241
f 241/241/241 242/242/242 243/243/243
f 140/140/140 139/139/139 241/241/241
f 241/241/241 244/244/244 140/140/140
f 140/140/140 244/244/244 245/245/245
f 245/245/245 145/145/145 140/140/140
f 243/243/243 246/246/246 245/245/245
f 245/245/245 244/244/244 243/243/243
f 247/247/247 248/248/248 245/245/245
f 245/245/245 246/246/246 247/247/247
f 146/146/146 145/145/145 245/245/245
f 245/245/245 248/248/248 146/146/146
f 146/146/146 248/248/248 249/249/249
f 249/249/249 151/151/151 146/146/146
f 247/247/247 250/250/250 249/249/249
f 249/249/249 248/248/248 247/247/247
f 251/251/251 252/252/252 253/253/253
f 253/253/253 254/254/254 251/251/251
f 152/152/152 151/151/151 249/249/249
f 249/249/249 255/255/255 152/152/152
f 159/159/159 256/256/256 257/257/257
f 257/257/257 160/160/160 159/159/159
f 251/251/251 258/258/258 259/259/259
f 259/259/259 252/252/252 251/251/251
f 260/260/260 261/261/261 257/257/257
f 257/257/257 262/262/262 260/260/260
f 161/161/161 160/160/160 257/257/257
f 257/257/257 261/261/261 161/161/161
f 161/161/161 261/261/261 263/263/263
f 263/263/263 166/166/166 161/161/161
f 260/260/260 264/264/264 263/263/263
f 263/263/263 261/261/261 260/260/260
f 265/265/265 266/266/266 263/263/263
f 263/263/263 264/264/264 265/265/265
f 167/167/167 166/166/166 263/263/263
f 263/263/263 266/266/266 167/167/167
f 167/167/167 266/266/266 267/267/267
f 267/267/267 172/172/172 167/167/167
f 265/265/265 268/268/268 267/267/267
f 267/267/267 266/266/266 265/265/265
f 269/269/269 270/270/270 267/267/267
f 267/267/267 268/268/268 269/269/269
f 173/173/173 172/172/172 267/267/267
f 267/267/267 270/270/270 173/173/173
f 173/173/173 270/270/270 271/271/271
f 271/271/271 178/178/178 173/173/173
f 269/269/269 272/272/272 271/271/271
f 271/271/271 270/270/270 269/269/269
f 273/273/273 274/274/274 275/275/275
f 275/275/275 276/276/276 273/273/273
f 179/179/179 178/178/178 271/271/271
f 271/271/271 277/277/277 179/179/179
f 186/186/186 278/278/278 279/279/279
f 279/279/279 187/187/187 186/186/186
f 273/273/273 280/280/280 281/281/281
f 281/281/281 274/274/274 273/273/273
f 282/282/282 283/283/283 279/279/279
f 279/279/279 284/284/284 282/282/282
f 188/188/188 187/187/187 279/279/279
f 279/279/279 283/283/283 188/188/188
f 188/188/188 283/283/283 285/285/285
f 285/285/285 193/193/193 188/188/188
f 282/282/282 286/286/286 285/285/285
f 285/285/285 283/283/283 282/282/282
f 287/287/287 288/288/288 285/285/285
f 285/285/285 286/286/286 287/287/287
f 194/194/194 193/193/193 285/285/285
f 285/285/285 288/288/288 194/194/194
f 194/194/194 288/288/288 289/289/289
f 289/289/289 199/199/199 194/194/194
f 287/287/287 290/290/290 289/289/289
f 289/289/289 288/288/288 287/287/287
f 291/291/291 292/292/292 289/289/289
f 289/289/289 290/290/290 291/291/291
f 200/200/200 199/199/199 289/289/289
f 289/289/289 292/292/292 200/200/200
f 200/200/200 292/292/292 293/293/293
f 293/293/293 205/205/205 200/200/200
f 291/291/291 294/294/294 293/293/293
f 293/293/293 292/292/292 291/291/291
f 295/295/295 296/296/296 297/297/297
f 297/297/297 298/298/298 295/295/295
f 206/206/206 205/205/205 293/293/293
f 293/293/293 299/299/299 206/206/206
f 213/213/213 300/300/300 301/301/301
f 301/301/301 214/214/214 213/213/213
f 295/295/295 302/302/302 303/303/303
f 303/303/303 296/296/296 295/295/295
f 304/304/304 305/305/305 301/301/301
f 301/301/301 306/306/306 304/304/304
f 215/215/215 214/214/214 301/301/301
f 301/301/301 305/305/305 215/215/215
f 215/215/215 305/305/305 307/307/307
f 307/307/307 220/220/220 215/215/215
f 304/304/304 308/308/308 307/307/307
f 307/307/307 305/305/305 304/304/304
f 223/223/223 221/221/221 307/307/307
f 307/307/307 308/308/308 223/223/223
f 117/117/117 220/220/220 307/307/307
f 307/307/307 221/221/221 117/117/117
f 309/309/309 310/310/310 311/311/311
f 311/311/311 312/312/312 309/309/309
f 313/313/313 314/314/314 311/311/311
f 311/311/311 310/310/310 313/313/313
f 315/315/315 316/316/316 311/311/311
f 311/311/311 314/314/314 315/315/315
f 317/317/317 312/312/312 311/311/311
f 311/311/311 316/316/316 317/317/317
f 317/317/317 316/316/316 318/318/318
f 318/318/318 232/232/232 317/317/317
f 315/315/315 319/319/319 318/318/318
f 318/318/318 316/316/316 315/315/315
f 320/320/320 321/321/321 318/318/318
f 318/318/318 319/319/319 320/320/320
f 229/229/229 232/232/232 318/318/318
f 318/318/318 321/321/321 229/229/229
f 229/229/229 321/321/321 322/322/322
f 322/322/322 236/236/236 229/229/229
f 320/320/320 323/323/323 322/322/322
f 322/322/322 321/321/321 320/320/320
f 324/324/324 325/325/325 322/322/322
f 322/322/322 323/323/323 324/324/324
f 326/326/326 236/236/236 322/322/322
f 322/322/322 325/325/325 326/326/326
f 326/326/326 325/325/325 327/327/327
f 327/327/327 328/328/328 326/326/326
f 324/324/324 329/329/329 327/327/327
f 327/327/327 325/325/325 324/324/324
f 330/330/330 331/331/331 327/327/327
f 327/327/327 329/329/329 330/330/330
f 332/332/332 328/328/328 327/327/327
f 327/327/327 331/331/331 332/332/332
f 332/332/332 331/331/331 333/333/333
f 333/333/333 334/334/334 332/332/332
f 330/330/330 335/335/335 333/333/333
f 333/333/333 331/331/331 330/330/330
f 336/336/336 337/337/337 333/333/333
f 333/333/333 335/335/335 336/336/336
f 338/338/338 334/334/334 333/333/333
f 333/333/333 337/337/337 338/338/338
f 338/338/338 337/337/337 339/339/339
f 339/339/339 254/254/254 338/338/338
f 336/336/336 340/340/340 339/339/339
f 339/339/339 337/337/337 336/336/336
f 341/341/341 342/342/342 339/339/339
f 339/339/339 340/340/340 341/341/341
f 251/251/251 254/254/254 339/339/339
f 339/339/339 342/342/342 251/251/251
f 251/251/251 342/342/342 343/343/343
f 343/343/343 258/258/258 251/251/251
f 341/341/341 344/344/344 343/343/343
f 343/343/343 342/342/342 341/341/341
f 345/345/345 346/346/346 343/343/343
f 343/343/343 344/344/344 345/345/345
f 347/347/347 258/258/258 343/343/343
f 343/343/343 346/346/346 347/347/347
f 347/347/347 346/346/346 348/348/348
f 348/348/348 349/349/349 347/347/347
f 345/345/345 350/350/350 348/348/348
f 348/348/348 346/346/346 345/345/345
f 351/351/351 352/352/352 348/348/348
f 348/348/348 350/350/350 351/351/351
f 353/353/353 349/349/349 348/348/348
f 348/348/348 352/352/352 353/353/353
f 353/353/353 352/352/352 354/354/354
f 354/354/354 355/355/355 353/353/353
f 351/351/351 356/356/356 354/354/354
f 354/354/354 352/352/352 351/351/351
f 357/357/357 358/358/358 354/354/354
f 354/354/354 356/356/356 357/357/357
f 359/359/359 355/355/355 354/354/354
f 354/354/354 358/358/358 359/359/359
f 359/359/359 358/358/358 360/360/360
f 360/360/360 276/276/276 359/359/359
f 357/357/357 361/361/361 360/360/360
f 360/360/360 358/358/358 357/357/357
f 362/362/362 363/363/363 360/360/360
f 360/360/360 361/361/361 362/362/362
f 273/273/273 276/276/276 360/360/360
f 360/360/360 363/363/363 273/273/273
f 273/273/273 363/363/363 364/364/364
f 364/364/364 280/280/280 273/273/273
f 362/362/362 365/365/365 364/364/364
f 364/364/364 363/363/363 362/362/362
f 366/366/366 367/367/367 364/364/364
f 364/364/364 365/365/365 366/366/366
f 368/368/368 280/280/280 364/364/364
f 364/364/364 367/367/367 368/368/368
f 368/368/368 367/367/367 369/369/369
f 369/369/369 370/370/370 368/368/368
f 366/366/366 371/371/371 369/369/369
f 369/369/369 367/367/367 366/366/366
f 372/372/372 373/373/373 369/369/369
f 369/369/369 371/371/371 372/372/372
f 374/374/374 370/370/370 369/369/369
f 369/369/369 373/373/373 374/374/374
f 374/374/374 373/373/373 375/375/375
f 375/375/375 376/376/376 374/374/374
f 372/372/372 377/377/377 375/375/375
f 375/375/375 373/373/373 372/372/372
f 378/378/378 379/379/379 375/375/375
f 375/375/375 377/377/377 378/378/378
f 380/380/380 376/376/376 375/375/375
f 375/375/375 379/379/379 380/380/380
f 380/380/380 379/379/379 381/381/381
f 381/381/381 298/298/298 380/380/380
f 378/378/378 382/382/382 381/381/381
f 381/381/381 379/379/379 378/378/378
f 383/383/383 384/384/384 381/381/381
f 381/381/381 382/382/382 383/383/383
f 295/295/295 298/298/298 381/381/381
f 381/381/381 384/384/384 295/295/295
f 295/295/295 384/384/384 385/385/385
f 385/385/385 302/302/302 295/295/295
f 383/383/383 386/386/386 385/385/385
f 385/385/385 384/384/384 383/383/383
f 387/387/387 388/388/388 385/385/385
f 385/385/385 386/386/386 387/387/387
f 389/389/389 302/302/302 385/385/385
f 385/385/385 388/388/388 389/389/389
f 389/389/389 388/388/388 390/390/390
f 390/390/390 391/391/391 389/389/389
f 387/387/387 392/392/392 390/390/390
f 390/390/390 388/388/388 387/387/387
f 313/313/313 310/310/310 390/390/390
f 390/390/390 392/392/392 313/313/313
f 309/309/309 391/391/391 390/390/390
f 390/390/390 310/310/310 309/309/309
f 393/393/393 394/394/394 395/395/395
f 395/395/395 396/396/396 393/393/393
f 397/397/397 398/398/398 395/395/395
f 395/395/395 394/394/394 397/397/397
f 1/1/1 4/4/4 399/399/399
f 399/399/399 400/400/400 1/1/1
f 401/401/401 402/402/402 403/403/403
f 403/403/403 404/404/404 401/401/401
f 112/112/112 405/405/405 406/406/406
f 406/406/406 109/109/109 112/112/112
f 407/407/407 404/404/404 403/403/403
f 403/403/403 408/408/408 407/407/407
f 393/393/393 409/409/409 410/410/410
f 410/410/410 411/411/411 393/393/393
f 412/412/412 413/413/413 410/410/410
f 410/410/410 409/409/409 412/412/412
f 414/414/414 411/411/411 410/410/410
f 410/410/410 413/413/413 414/414/414
f 415/415/415 416/416/416 417/417/417
f 417/417/417 418/418/418 415/415/415
f 401/401/401 419/419/419 417/417/417
f 417/417/417 416/416/416 401/401/401
f 420/420/420 418/418/418 417/417/417
f 417/417/417 419/419/419 420/420/420
f 412/412/412 421/421/421 422/422/422
f 422/422/422 423/423/423 412/412/412
f 424/424/424 425/425/425 422/422/422
f 422/422/422 421/421/421 424/424/424
f 426/426/426 423/423/423 422/422/422
f 422/422/422 425/425/425 426/426/426
f 424/424/424 427/427/427 428/428/428
f 428/428/428 429/429/429 424/424/424
f 430/430/430 431/431/431 428/428/428
f 428/428/428 427/427/427 430/430/430
f 432/432/432 429/429/429 428/428/428
f 428/428/428 431/431/431 432/432/432
f 433/433/433 434/434/434 435/435/435
f 435/435/435 436/436/436 433/433/433
f 415/415/415 437/437/437 435/435/435
f 435/435/435 434/434/434 415/415/415
f 438/438/438 436/436/436 435/435/435
f 435/435/435 437/437/437 438/438/438
f 439/439/439 440/440/440 441/441/441
f 441/441/441 442/442/442 439/439/439
f 433/433/433 443/443/443 441/441/441
f 441/441/441 440/440/440 433/433/433
f 444/444/444 442/442/442 441/441/441
f 441/441/441 443/443/443 444/444/444
f 430/430/430 445/445/445 446/446/446
f 446/446/446 431/431/431 430/430/430
f 447/447/447 448/448/448 446/446/446
f 446/446/446 445/445/445 447/447/447
f 432/432/432 431/431/431 446/446/446
f 446/446/446 448/448/448 432/432/432
f 447/447/447 449/449/449 450/450/450
f 450/450/450 451/451/451 447/447/447
f 452/452/452 453/453/453 450/450/450
f 450/450/450 449/449/449 452/452/452
f 454/454/454 451/451/451 450/450/450
f 450/450/450 453/453/453 454/454/454
f 454/454/454 453/453/453 455/455/455
f 455/455/455 456/456/456 454/454/454
f 452/452/452 457/457/457 455/455/455
f 455/455/455 453/453/453 452/452/452
f 458/458/458 459/459/459 455/455/455
f 455/455/455 457/457/457 458/458/458
f 460/460/460 456/456/456 455/455/455
f 455/455/455 459/459/459 460/460/460
f 460/460/460 459/459/459 461/461/461
f 461/461/461 462/462/462 460/460/460
f 458/458/458 463/463/463 461/461/461
f 461/461/461 459/459/459 458/458/458
f 464/464/464 465/465/465 461/461/461
f 461/461/461 463/463/463 464/464/464
f 466/466/466 462/462/462 461/461/461
f 461/461/461 465/465/465 466/466/466
f 467/467/467 468/468/468 469/469/469
f 469/469/469 470/470/470 467/467/467
f 471/471/471 472/472/472 469/469/469
f 469/469/469 468/468/468 471/471/471
f 473/473/473 474/474/474 469/469/469
f 469/469/469 472/472/472 473/473/473
f 475/475/475 470/470/470 469/469/469
f 469/469/469 474/474/474 475/475/475
f 475/475/475 474/474/474 476/476/476
f 476/476/476 477/477/477 475/475/475
f 473/473/473 478/478/478 476/476/476
f 476/476/476 474/474/474 473/473/473
f 479/479/479 480/480/480 476/476/476
f 476/476/476 478/478/478 479/479/479
f 481/481/481 477/477/477 476/476/476
f 476/476/476 480/480/480 481/481/481
f 481/481/481 480/480/480 482/482/482
f 482/482/482 483/483/483 481/481/481
f 479/479/479 484/484/484 482/482/482
f 482/482/482 480/480/480 479/479/479
f 485/485/485 483/483/483 482/482/482
f 482/482/482 484/484/484 485/485/485
f 444/444/444 486/486/486 487/487/487
f 487/487/487 442/442/442 444/444/444
f 485/485/485 488/488/488 487/487/487
f 487/487/487 486/486/486 485/485/485
f 439/439/439 442/442/442 487/487/487
f 487/487/487 488/488/488 439/439/439
f 485/485/485 486/486/486 489/489/489
f 489/489/489 483/483/483 485/485/485
f 444/444/444 490/490/490 489/489/489
f 489/489/489 486/486/486 444/444/444
f 491/491/491 492/492/492 489/489/489
f 489/489/489 490/490/490 491/491/491
f 481/481/481 483/483/483 489/489/489
f 489/489/489 492/492/492 481/481/481
f 481/481/481 492/492/492 493/493/493
f 493/493/493 477/477/477 481/481/481
f 491/491/491 494/494/494 493/493/493
f 493/493/493 492/492/492 491/491/491
f 495/495/495 496/496/496 493/493/493
f 493/493/493 494/494/494 495/495/495
f 475/475/475 477/477/477 493/493/493
f 493/493/493 496/496/496 475/475/475
f 475/475/475 496/496/496 497/497/497
f 497/497/497 470/470/470 475/475/475
f 495/495/495 498/498/498 497/497/497
f 497/497/497 496/496/496 495/495/495
f 499/499/499 500/500/500 497/497/497
f 497/497/497 498/498/498 499/499/499
f 467/467/467 470/470/470 497/497/497
f 497/497/497 500/500/500 467/467/467
f 466/466/466 501/501/501 502/502/502
f 502/502/502 462/462/462 466/466/466
f 503/503/503 504/504/504 502/502/502
f 502/502/502 501/501/501 503/503/503
f 505/505/505 506/506/506 502/502/502
f 502/502/502 504/504/504 505/505/505
f 460/460/460 462/462/462 502/502/502
f 502/502/502 506/506/506 460/460/460
f 460/460/460 506/506/506 507/507/507
f 507/507/507 456/456/456 460/460/460
f 505/505/505 508/508/508 507/507/507
f 507/507/507 506/506/506 505/505/505
f 509/509/509 510/510/510 507/507/507
f 507/507/507 508/508/508 509/509/509
f 454/454/454 456/456/456 507/507/507
f 507/507/507 510/510/510 454/454/454
f 454/454/454 510/510/510 511/511/511
f 511/511/511 451/451/451 454/454/454
f 509/509/509 512/512/512 511/511/511
f 511/511/511 510/510/510 509/509/509
f 432/432/432 448/448/448 511/511/511
f 511/511/511 512/512/512 432/432/432
f 447/447/447 451/451/451 511/511/511
f 511/511/511 448/448/448 447/447/447
f 452/452/452 513/513/513 514/514/514
f 514/514/514 457/457/457 452/452/452
f 515/515/515 516/516/516 514/514/514
f 514/514/514 513/513/513 515/515/515
f 458/458/458 457/457/457 514/514/514
f 514/514/514 516/516/516 458/458/458
f 515/515/515 517/517/517 518/518/518
f 518/518/518 519/519/519 515/515/515
f 57/57/57 520/520/520 521/521/521
f 521/521/521 53/53/53 57/57/57
f 522/522/522 519/519/519 518/518/518
f 518/518/518 523/523/523 522/522/522
f 524/524/524 525/525/525 526/526/526
f 526/526/526 527/527/527 524/524/524
f 528/528/528 529/529/529 526/526/526
f 526/526/526 525/525/525 528/528/528
f 530/530/530 527/527/527 526/526/526
f 526/526/526 529/529/529 530/530/530
f 473/473/473 531/531/531 532/532/532
f 532/532/532 478/478/478 473/473/473
f 530/530/530 533/533/533 532/532/532
f 532/532/532 531/531/531 530/530/530
f 479/479/479 478/478/478 532/532/532
f 532/532/532 533/533/533 479/479/479
f 530/530/530 531/531/531 534/534/534
f 534/534/534 527/527/527 530/530/530
f 473/473/473 472/472/472 534/534/534
f 534/534/534 531/531/531 473/473/473
f 471/471/471 535/535/535 534/534/534
f 534/534/534 472/472/472 471/471/471
f 524/524/524 527/527/527 534/534/534
f 534/534/534 535/535/535 524/524/524
f 522/522/522 536/536/536 537/537/537
f 537/537/537 519/519/519 522/522/522
f 464/464/464 463/463/463 537/537/537
f 537/537/537 536/536/536 464/464/464
f 458/458/458 516/516/516 537/537/537
f 537/537/537 463/463/463 458/458/458
f 515/515/515 519/519/519 537/537/537
f 537/537/537 516/516/516 515/515/515
f 424/424/424 429/429/429 538/538/538
f 538/538/538 425/425/425 424/424/424
f 432/432/432 512/512/512 538/538/538
f 538/538/538 429/429/429 432/432/432
f 509/509/509 539/539/539 538/538/538
f 538/538/538 512/512/512 509/509/509
f 426/426/426 425/425/425 538/538/538
f 538/538/538 539/539/539 426/426/426
f 426/426/426 539/539/539 540/540/540
f 540/540/540 541/541/541 426/426/426
f 509/509/509 508/508/508 540/540/540
f 540/540/540 539/539/539 509/509/509
f 505/505/505 542/542/542 540/540/540
f 540/540/540 508/508/508 505/505/505
f 543/543/543 541/541/541 540/540/540
f 540/540/540 542/542/542 543/543/543
f 543/543/543 542/542/542 544/544/544
f 544/544/544 545/545/545 543/543/543
f 505/505/505 504/504/504 544/544/544
f 544/544/544 542/542/542 505/505/505
f 503/503/503 546/546/546 544/544/544
f 544/544/544 504/504/504 503/503/503
f 547/547/547 545/545/545 544/544/544
f 544/544/544 546/546/546 547/547/547
f 548/548/548 549/549/549 550/550/550
f 550/550/550 551/551/551 548/548/548
f 499/499/499 498/498/498 550/550/550
f 550/550/550 549/549/549 499/499/499
f 495/495/495 552/552/552 550/550/550
f 550/550/550 498/498/498 495/495/495
f 553/553/553 551/551/551 550/550/550
f 550/550/550 552/552/552 553/553/553
f 553/553/553 552/552/552 554/554/554
f 554/554/554 555/555/555 553/553/553
f 495/495/495 494/494/494 554/554/554
f 554/554/554 552/552/552 495/495/495
f 491/491/491 556/556/556 554/554/554
f 554/554/554 494/494/494 491/491/491
f 438/438/438 555/555/555 554/554/554
f 554/554/554 556/556/556 438/438/438
f 438/438/438 556/556/556 557/557/557
f 557/557/557 436/436/436 438/438/438
f 491/491/491 490/490/490 557/557/557
f 557/557/557 556/556/556 491/491/491
f 444/444/444 443/443/443 557/557/557
f 557/557/557 490/490/490 444/444/444
f 433/433/433 436/436/436 557/557/557
f 557/557/557 443/443/443 433/433/433
f 412/412/412 423/423/423 558/558/558
f 558/558/558 413/413/413 412/412/412
f 426/426/426 541/541/541 558/558/558
f 558/558/558 423/423/423 426/426/426
f 543/543/543 559/559/559 558/558/558
f 558/558/558 541/541/541 543/543/543
f 414/414/414 413/413/413 558/558/558
f 558/558/558 559/559/559 414/414/414
f 414/414/414 559/559/559 560/560/560
f 560/560/560 561/561/561 414/414/414
f 543/543/543 545/545/545 560/560/560
f 560/560/560 559/559/559 543/543/543
f 562/562/562 563/563/563 564/564/564
f 564/564/564 565/565/565 562/562/562
f 566/566/566 561/561/561 560/560/560
f 560/560/560 567/567/567 566/566/566
f 568/568/568 569/569/569 570/570/570
f 570/570/570 571/571/571 568/568/568
f 548/548/548 551/551/551 570/570/570
f 570/570/570 569/569/569 548/548/548
f 553/553/553 572/572/572 570/570/570
f 570/570/570 551/551/551 553/553/553
f 420/420/420 571/571/571 570/570/570
f 570/570/570 572/572/572 420/420/420
f 420/420/420 572/572/572 573/573/573
f 573/573/573 418/418/418 420/420/420
f 553/553/553 555/555/555 573/573/573
f 573/573/573 572/572/572 553/553/553
f 438/438/438 437/437/437 573/573/573
f 573/573/573 555/555/555 438/438/438
f 415/415/415 418/418/418 573/573/573
f 573/573/573 437/437/437 415/415/415
f 393/393/393 411/411/411 574/574/574
f 574/574/574 394/394/394 393/393/393
f 414/414/414 561/561/561 574/574/574
f 574/574/574 411/411/411 414/414/414
f 566/566/566 575/575/575 574/574/574
f 574/574/574 561/561/561 566/566/566
f 397/397/397 394/394/394 574/574/574
f 574/574/574 575/575/575 397/397/397
f 407/407/407 576/576/576 577/577/577
f 577/577/577 404/404/404 407/407/407
f 568/568/568 571/571/571 577/577/577
f 577/577/577 576/576/576 568/568/568
f 420/420/420 419/419/419 577/577/577
f 577/577/577 571/571/571 420/420/420
f 401/401/401 404/404/404 577/577/577
f 577/577/577 419/419/419 401/401/401
f 578/578/578 579/579/579 580/580/580
f 580/580/580 581/581/581 578/578/578
f 582/582/582 583/583/583 580/580/580
f 580/580/580 579/579/579 582/582/582
f 584/584/584 581/581/581 580/580/580
f 580/580/580 583/583/583 584/584/584
f 55/55/55 585/585/585 586/586/586
f 586/586/586 56/56/56 55/55/55
f 587/587/587 588/588/588 589/589/589
f 589/589/589 590/590/590 587/587/587
f 57/57/57 56/56/56 586/586/586
f 586/586/586 591/591/591 57/57/57
f 528/528/528 592/592/592 593/593/593
f 593/593/593 594/594/594 528/528/528
f 587/587/587 590/590/590 593/593/593
f 593/593/593 592/592/592 587/587/587
f 595/595/595 594/594/594 593/593/593
f 593/593/593 590/590/590 595/595/595
f 5/5/5 596/596/596 597/597/597
f 597/597/597 111/111/111 5/5/5
f 582/582/582 598/598/598 599/599/599
f 599/599/599 583/583/583 582/582/582
f 112/112/112 111/111/111 597/597/597
f 597/597/597 600/600/600 112/112/112
f 601/601/601 602/602/602 603/603/603
f 603/603/603 604/604/604 601/601/601
f 605/605/605 606/606/606 603/603/603
f 603/603/603 602/602/602 605/605/605
f 607/607/607 608/608/608 609/609/609
f 609/609/609 610/610/610 607/607/607
f 582/582/582 579/579/579 609/609/609
f 609/609/609 608/608/608 582/582/582
f 611/611/611 612/612/612 613/613/613
f 613/613/613 614/614/614 611/611/611
f 615/615/615 598/598/598 616/616/616
f 616/616/616 408/408/408 615/615/615
f 582/582/582 608/608/608 616/616/616
f 616/616/616 598/598/598 582/582/582
f 607/607/607 617/617/617 616/616/616
f 616/616/616 608/608/608 607/607/607
f 618/618/618 619/619/619 620/620/620
f 620/620/620 621/621/621 618/618/618
f 622/622/622 623/623/623 620/620/620
f 620/620/620 619/619/619 622/622/622
f 624/624/624 625/625/625 620/620/620
f 620/620/620 623/623/623 624/624/624
f 626/626/626 621/621/621 620/620/620
f 620/620/620 625/625/625 626/626/626
f 627/627/627 628/628/628 629/629/629
f 629/629/629 630/630/630 627/627/627
f 631/631/631 632/632/632 629/629/629
f 629/629/629 628/628/628 631/631/631
f 633/633/633 634/634/634 629/629/629
f 629/629/629 632/632/632 633/633/633
f 635/635/635 630/630/630 629/629/629
f 629/629/629 634/634/634 635/635/635
f 631/631/631 636/636/636 637/637/637
f 637/637/637 632/632/632 631/631/631
f 638/638/638 639/639/639 637/637/637
f 637/637/637 636/636/636 638/638/638
f 640/640/640 641/641/641 637/637/637
f 637/637/637 639/639/639 640/640/640
f 633/633/633 632/632/632 637/637/637
f 637/637/637 641/641/641 633/633/633
f 642/642/642 643/643/643 644/644/644
f 644/644/644 645/645/645 642/642/642
f 618/618/618 621/621/621 644/644/644
f 644/644/644 643/643/643 618/618/618
f 626/626/626 646/646/646 644/644/644
f 644/644/644 621/621/621 626/626/626
f 647/647/647 645/645/645 644/644/644
f 644/644/644 646/646/646 647/647/647
f 648/648/648 649/649/649 650/650/650
f 650/650/650 651/651/651 648/648/648
f 652/652/652 588/588/588 653/653/653
f 653/653/653 523/523/523 652/652/652
f 587/587/587 654/654/654 653/653/653
f 653/653/653 588/588/588 587/587/587
f 655/655/655 656/656/656 653/653/653
f 653/653/653 654/654/654 655/655/655
f 657/657/657 658/658/658 659/659/659
f 659/659/659 660/660/660 657/657/657
f 661/661/661 662/662/662 659/659/659
f 659/659/659 658/658/658 661/661/661
f 655/655/655 654/654/654 663/663/663
f 663/663/663 664/664/664 655/655/655
f 587/587/587 592/592/592 663/663/663
f 663/663/663 654/654/654 587/587/587
f 661/661/661 665/665/665 666/666/666
f 666/666/666 662/662/662 661/661/661
f 627/627/627 630/630/630 666/666/666
f 666/666/666 665/665/665 627/627/627
f 635/635/635 667/667/667 666/666/666
f 666/666/666 630/630/630 635/635/635
f 668/668/668 662/662/662 666/666/666
f 666/666/666 667/667/667 668/668/668
f 622/622/622 669/669/669 670/670/670
f 670/670/670 623/623/623 622/622/622
f 648/648/648 651/651/651 670/670/670
f 670/670/670 669/669/669 648/648/648
f 671/671/671 672/672/672 670/670/670
f 670/670/670 651/651/651 671/671/671
f 624/624/624 623/623/623 670/670/670
f 670/670/670 672/672/672 624/624/624
f 562/562/562 673/673/673 674/674/674
f 674/674/674 675/675/675 562/562/562
f 642/642/642 645/645/645 674/674/674
f 674/674/674 673/673/673 642/642/642
f 647/647/647 676/676/676 674/674/674
f 674/674/674 645/645/645 647/647/647
f 677/677/677 675/675/675 674/674/674
f 674/674/674 676/676/676 677/677/677
f 638/638/638 678/678/678 679/679/679
f 679/679/679 639/639/639 638/638/638
f 680/680/680 681/681/681 679/679/679
f 679/679/679 678/678/678 680/680/680
f 682/682/682 683/683/683 679/679/679
f 679/679/679 681/681/681 682/682/682
f 640/640/640 639/639/639 679/679/679
f 679/679/679 683/683/683 640/640/640
f 684/684/684 563/563/563 685/685/685
f 685/685/685 686/686/686 684/684/684
f 562/562/562 675/675/675 685/685/685
f 685/685/685 563/563/563 562/562/562
f 677/677/677 687/687/687 685/685/685
f 685/685/685 675/675/675 677/677/677
f 688/688/688 686/686/686 685/685/685
f 685/685/685 687/687/687 688/688/688
f 680/680/680 689/689/689 690/690/690
f 690/690/690 681/681/681 680/680/680
f 691/691/691 692/692/692 690/690/690
f 690/690/690 689/689/689 691/691/691
f 693/693/693 694/694/694 690/690/690
f 690/690/690 692/692/692 693/693/693
f 682/682/682 681/681/681 690/690/690
f 690/690/690 694/694/694 682/682/682
f 605/605/605 695/695/695 696/696/696
f 696/696/696 606/606/606 605/605/605
f 684/684/684 686/686/686 696/696/696
f 696/696/696 695/695/695 684/684/684
f 688/688/688 697/697/697 696/696/696
f 696/696/696 686/686/686 688/688/688
f 698/698/698 606/606/606 696/696/696
f 696/696/696 697/697/697 698/698/698
f 691/691/691 699/699/699 700/700/700
f 700/700/700 692/692/692 691/691/691
f 611/611/611 614/614/614 700/700/700
f 700/700/700 699/699/699 611/611/611
f 701/701/701 702/702/702 700/700/700
f 700/700/700 614/614/614 701/701/701
f 693/693/693 692/692/692 700/700/700
f 700/700/700 702/702/702 693/693/693
f 313/313/313 392/392/392 703/703/703
f 703/703/703 314/314/314 313/313/313
f 387/387/387 386/386/386 703/703/703
f 703/703/703 392/392/392 387/387/387
f 383/383/383 382/382/382 703/703/703
f 703/703/703 386/386/386 383/383/383
f 378/378/378 377/377/377 703/703/703
f 703/703/703 382/382/382 378/378/378
f 372/372/372 371/371/371 703/703/703
f 703/703/703 377/377/377 372/372/372
f 366/366/366 365/365/365 703/703/703
f 703/703/703 371/371/371 366/366/366
f 362/362/362 361/361/361 703/703/703
f 703/703/703 365/365/365 362/362/362
f 357/357/357 356/356/356 703/703/703
f 703/703/703 361/361/361 357/357/357
f 351/351/351 350/350/350 703/703/703
f 703/703/703 356/356/356 351/351/351
f 345/345/345 344/344/344 703/703/703
f 703/703/703 350/350/350 345/345/345
f 341/341/341 340/340/340 703/703/703
f 703/703/703 344/344/344 341/341/341
f 336/336/336 335/335/335 703/703/703
f 703/703/703 340/340/340 336/336/336
f 330/330/330 329/329/329 703/703/703
f 703/703/703 335/335/335 330/330/330
f 324/324/324 323/323/323 703/703/703
f 703/703/703 329/329/329 324/324/324
f 320/320/320 319/319/319 703/703/703
f 703/703/703 323/323/323 320/320/320
f 315/315/315 314/314/314 703/703/703
f 703/703/703 319/319/319 315/315/315
f 5/5/5 704/704/704 705/705/705
f 705/705/705 6/6/6 5/5/5
f 113/113/113 116/116/116 705/705/705
f 705/705/705 704/704/704 113/113/113
f 121/121/121 706/706/706 705/705/705
f 705/705/705 116/116/116 121/121/121
f 7/7/7 6/6/6 705/705/705
f 705/705/705 706/706/706 7/7/7
f 7/7/7 706/706/706 707/707/707
f 707/707/707 12/12/12 7/7/7
f 121/121/121 123/123/123 707/707/707
f 707/707/707 706/706/706 121/121/121
f 127/127/127 708/708/708 707/707/707
f 707/707/707 123/123/123 127/127/127
f 13/13/13 12/12/12 707/707/707
f 707/707/707 708/708/708 13/13/13
f 20/20/20 709/709/709 710/710/710
f 710/710/710 21/21/21 20/20/20
f 128/128/128 131/131/131 710/710/710
f 710/710/710 709/709/709 128/128/128
f 136/136/136 711/711/711 710/710/710
f 710/710/710 131/131/131 136/136/136
f 22/22/22 21/21/21 710/710/710
f 710/710/710 711/711/711 22/22/22
f 22/22/22 711/711/711 712/712/712
f 712/712/712 27/27/27 22/22/22
f 136/136/136 138/138/138 712/712/712
f 712/712/712 711/711/711 136/136/136
f 142/142/142 713/713/713 712/712/712
f 712/712/712 138/138/138 142/142/142
f 28/28/28 27/27/27 712/712/712
f 712/712/712 713/713/713 28/28/28
f 28/28/28 713/713/713 714/714/714
f 714/714/714 33/33/33 28/28/28
f 142/142/142 144/144/144 714/714/714
f 714/714/714 713/713/713 142/142/142
f 148/148/148 715/715/715 714/714/714
f 714/714/714 144/144/144 148/148/148
f 34/34/34 33/33/33 714/714/714
f 714/714/714 715/715/715 34/34/34
f 34/34/34 715/715/715 716/716/716
f 716/716/716 39/39/39 34/34/34
f 148/148/148 150/150/150 716/716/716
f 716/716/716 715/715/715 148/148/148
f 154/154/154 717/717/717 716/716/716
f 716/716/716 150/150/150 154/154/154
f 40/40/40 39/39/39 716/716/716
f 716/716/716 717/717/717 40/40/40
f 47/47/47 718/718/718 719/719/719
f 719/719/719 48/48/48 47/47/47
f 155/155/155 158/158/158 719/719/719
f 719/719/719 718/718/718 155/155/155
f 163/163/163 720/720/720 719/719/719
f 719/719/719 158/158/158 163/163/163
f 49/49/49 48/48/48 719/719/719
f 719/719/719 720/720/720 49/49/49
f 49/49/49 720/720/720 721/721/721
f 721/721/721 54/54/54 49/49/49
f 163/163/163 165/165/165 721/721/721
f 721/721/721 720/720/720 163/163/163
f 169/169/169 722/722/722 721/721/721
f 721/721/721 165/165/165 169/169/169
f 55/55/55 54/54/54 721/721/721
f 721/721/721 722/722/722 55/55/55
f 55/55/55 722/722/722 723/723/723
f 723/723/723 62/62/62 55/55/55
f 169/169/169 171/171/171 723/723/723
f 723/723/723 722/722/722 169/169/169
f 175/175/175 724/724/724 723/723/723
f 723/723/723 171/171/171 175/175/175
f 63/63/63 62/62/62 723/723/723
f 723/723/723 724/724/724 63/63/63
f 63/63/63 724/724/724 725/725/725
f 725/725/725 68/68/68 63/63/63
f 175/175/175 177/177/177 725/725/725
f 725/725/725 724/724/724 175/175/175
f 181/181/181 726/726/726 725/725/725
f 725/725/725 177/177/177 181/181/181
f 69/69/69 68/68/68 725/725/725
f 725/725/725 726/726/726 69/69/69
f 76/76/76 727/727/727 728/728/728
f 728/728/728 77/77/77 76/76/76
f 182/182/182 185/185/185 728/728/728
f 728/728/728 727/727/727 182/182/182
f 190/190/190 729/729/729 728/728/728
f 728/728/728 185/185/185 190/190/190
f 78/78/78 77/77/77 728/728/728
f 728/728/728 729/729/729 78/78/78
f 78/78/78 729/729/729 730/730/730
f 730/730/730 83/83/83 78/78/78
f 190/190/190 192/192/192 730/730/730
f 730/730/730 729/729/729 190/190/190
f 196/196/196 731/731/731 730/730/730
f 730/730/730 192/192/192 196/196/196
f 84/84/84 83/83/83 730/730/730
f 730/730/730 731/731/731 84/84/84
f 84/84/84 731/731/731 732/732/732
f 732/732/732 89/89/89 84/84/84
f 196/196/196 198/198/198 732/732/732
f 732/732/732 731/731/731 196/196/196
f 202/202/202 733/733/733 732/732/732
f 732/732/732 198/198/198 202/202/202
f 90/90/90 89/89/89 732/732/732
f 732/732/732 733/733/733 90/90/90
f 90/90/90 733/733/733 734/734/734
f 734/734/734 95/95/95 90/90/90
f 202/202/202 204/204/204 734/734/734
f 734/734/734 733/733/733 202/202/202
f 208/208/208 735/735/735 734/734/734
f 734/734/734 204/204/204 208/208/208
f 96/96/96 95/95/95 734/734/734
f 734/734/734 735/735/735 96/96/96
f 103/103/103 736/736/736 737/737/737
f 737/737/737 104/104/104 103/103/103
f 209/209/209 212/212/212 737/737/737
f 737/737/737 736/736/736 209/209/209
f 217/217/217 738/738/738 737/737/737
f 737/737/737 212/212/212 217/217/217
f 105/105/105 104/104/104 737/737/737
f 737/737/737 738/738/738 105/105/105
f 105/105/105 738/738/738 739/739/739
f 739/739/739 110/110/110 105/105/105
f 217/217/217 219/219/219 739/739/739
f 739/739/739 738/738/738 217/217/217
f 113/113/113 704/704/704 739/739/739
f 739/739/739 219/219/219 113/113/113
f 5/5/5 110/110/110 739/739/739
f 739/739/739 704/704/704 5/5/5
